TripID,VehicleID,DriverName,RouteName,DistanceKM,TripDate,Year
1,V1013,Driver_56,Route B,510,2020-10-29,2020
2,V1050,Driver_98,Route B,359,2020-07-21,2020
3,V1015,Driver_19,Route A,282,2020-08-12,2020
4,V1016,Driver_63,Route D,527,2020-12-30,2020
5,V1029,Driver_48,Route B,524,2020-03-07,2020
6,V1026,Driver_7,Route B,199,2020-11-23,2020
7,V1059,Driver_13,Route C,433,2020-01-28,2020
8,V1022,Driver_60,Route D,493,2020-02-09,2020
9,V1038,Driver_38,Route C,574,2020-10-09,2020
10,V1030,Driver_6,Route D,119,2020-06-29,2020
11,V1021,Driver_25,Route C,568,2020-03-25,2020
12,V1000,Driver_13,Route B,326,2020-01-31,2020
13,V1001,Driver_66,Route B,583,2020-07-09,2020
14,V1001,Driver_58,Route D,392,2020-11-09,2020
15,V1029,Driver_45,Route E,384,2020-05-25,2020
16,V1023,Driver_7,Route E,176,2020-08-12,2020
17,V1048,Driver_63,Route D,576,2020-01-19,2020
18,V1042,Driver_100,Route E,568,2020-02-04,2020
19,V1009,Driver_49,Route C,500,2020-11-21,2020
20,V1017,Driver_19,Route B,251,2020-02-17,2020
21,V1039,Driver_50,Route C,453,2020-04-22,2020
22,V1002,Driver_6,Route C,62,2020-03-09,2020
23,V1012,Driver_54,Route E,248,2020-08-01,2020
24,V1051,Driver_20,Route D,311,2020-04-17,2020
25,V1000,Driver_9,Route B,88,2020-05-15,2020
26,V1046,Driver_62,Route A,274,2020-08-27,2020
27,V1058,Driver_22,Route D,166,2020-02-10,2020
28,V1042,Driver_59,Route C,431,2020-08-28,2020
29,V1016,Driver_74,Route E,388,2020-11-19,2020
30,V1042,Driver_42,Route E,209,2020-12-07,2020
31,V1043,Driver_92,Route E,582,2020-12-15,2020
32,V1017,Driver_77,Route B,281,2020-01-12,2020
33,V1027,Driver_62,Route C,386,2020-09-17,2020
34,V1019,Driver_64,Route D,102,2020-10-29,2020
35,V1019,Driver_33,Route A,201,2020-10-11,2020
36,V1014,Driver_29,Route B,525,2020-03-19,2020
37,V1059,Driver_13,Route E,567,2020-07-04,2020
38,V1026,Driver_96,Route D,479,2020-10-17,2020
39,V1021,Driver_39,Route A,298,2020-03-24,2020
40,V1039,Driver_62,Route A,371,2020-01-30,2020
41,V1027,Driver_52,Route D,207,2020-07-31,2020
42,V1030,Driver_4,Route C,429,2020-03-01,2020
43,V1019,Driver_31,Route D,553,2020-07-21,2020
44,V1037,Driver_28,Route D,490,2020-04-30,2020
45,V1018,Driver_32,Route E,218,2020-06-21,2020
46,V1010,Driver_77,Route C,435,2020-02-12,2020
47,V1006,Driver_11,Route A,58,2020-03-17,2020
48,V1034,Driver_55,Route D,144,2020-12-23,2020
49,V1041,Driver_20,Route A,52,2020-08-29,2020
50,V1011,Driver_5,Route B,348,2020-07-06,2020
51,V1043,Driver_88,Route C,139,2020-01-21,2020
52,V1010,Driver_40,Route C,152,2020-01-20,2020
53,V1037,Driver_11,Route A,50,2020-04-08,2020
54,V1050,Driver_22,Route D,552,2020-02-25,2020
55,V1017,Driver_76,Route C,588,2020-02-06,2020
56,V1053,Driver_79,Route C,191,2020-02-03,2020
57,V1029,Driver_78,Route C,211,2020-11-25,2020
58,V1049,Driver_90,Route E,148,2020-09-11,2020
59,V1038,Driver_29,Route C,82,2020-07-20,2020
60,V1054,Driver_44,Route B,534,2020-08-19,2020
61,V1022,Driver_66,Route C,350,2020-11-30,2020
62,V1045,Driver_52,Route D,290,2020-06-07,2020
63,V1042,Driver_42,Route B,296,2020-08-24,2020
64,V1009,Driver_91,Route B,87,2020-02-10,2020
65,V1003,Driver_76,Route A,201,2020-02-25,2020
66,V1028,Driver_17,Route B,125,2020-05-24,2020
67,V1049,Driver_43,Route C,294,2020-09-03,2020
68,V1027,Driver_53,Route A,359,2020-12-29,2020
69,V1013,Driver_61,Route A,422,2020-03-21,2020
70,V1025,Driver_25,Route C,117,2020-01-26,2020
71,V1002,Driver_33,Route D,241,2020-09-11,2020
72,V1029,Driver_85,Route D,381,2020-08-18,2020
73,V1008,Driver_42,Route D,372,2020-10-17,2020
74,V1055,Driver_90,Route B,57,2020-03-25,2020
75,V1016,Driver_54,Route A,548,2020-06-20,2020
76,V1009,Driver_6,Route B,295,2020-09-19,2020
77,V1038,Driver_64,Route C,257,2020-04-02,2020
78,V1026,Driver_5,Route A,419,2020-12-30,2020
79,V1021,Driver_79,Route C,395,2020-01-02,2020
80,V1006,Driver_62,Route E,256,2020-04-18,2020
81,V1009,Driver_43,Route E,330,2020-09-28,2020
82,V1025,Driver_68,Route E,251,2020-08-10,2020
83,V1049,Driver_94,Route A,515,2020-10-29,2020
84,V1035,Driver_38,Route E,517,2020-01-23,2020
85,V1018,Driver_43,Route A,467,2020-10-28,2020
86,V1040,Driver_9,Route D,477,2020-08-25,2020
87,V1058,Driver_78,Route E,286,2020-06-10,2020
88,V1053,Driver_76,Route B,510,2020-05-15,2020
89,V1019,Driver_84,Route A,284,2020-12-08,2020
90,V1057,Driver_75,Route C,454,2020-05-15,2020
91,V1000,Driver_68,Route B,91,2020-04-23,2020
92,V1052,Driver_58,Route B,456,2020-01-02,2020
93,V1027,Driver_7,Route A,330,2020-10-01,2020
94,V1052,Driver_70,Route D,66,2020-09-13,2020
95,V1055,Driver_94,Route C,102,2020-09-11,2020
96,V1037,Driver_28,Route E,344,2020-02-29,2020
97,V1054,Driver_31,Route D,386,2020-03-31,2020
98,V1034,Driver_84,Route B,64,2020-12-16,2020
99,V1027,Driver_11,Route C,301,2020-09-02,2020
100,V1001,Driver_13,Route B,314,2020-03-27,2020
101,V1042,Driver_38,Route C,475,2020-03-23,2020
102,V1057,Driver_55,Route B,217,2020-07-04,2020
103,V1006,Driver_98,Route C,366,2020-10-04,2020
104,V1044,Driver_71,Route A,128,2020-03-20,2020
105,V1055,Driver_16,Route A,295,2020-02-03,2020
106,V1049,Driver_99,Route C,233,2020-02-28,2020
107,V1048,Driver_58,Route C,174,2020-09-13,2020
108,V1049,Driver_100,Route E,526,2020-09-18,2020
109,V1007,Driver_62,Route E,334,2020-02-12,2020
110,V1022,Driver_12,Route C,230,2020-07-17,2020
111,V1051,Driver_25,Route E,306,2020-01-10,2020
112,V1058,Driver_80,Route A,114,2020-03-24,2020
113,V1009,Driver_44,Route B,584,2020-12-19,2020
114,V1034,Driver_25,Route D,409,2020-01-16,2020
115,V1021,Driver_50,Route D,156,2020-09-19,2020
116,V1049,Driver_52,Route B,221,2020-04-07,2020
117,V1039,Driver_82,Route D,118,2020-04-26,2020
118,V1053,Driver_85,Route D,518,2020-07-17,2020
119,V1020,Driver_83,Route C,253,2020-01-22,2020
120,V1002,Driver_58,Route B,53,2020-10-19,2020
121,V1022,Driver_3,Route C,396,2020-07-31,2020
122,V1047,Driver_1,Route C,524,2020-02-13,2020
123,V1008,Driver_13,Route E,583,2020-10-14,2020
124,V1049,Driver_15,Route E,189,2020-08-30,2020
125,V1031,Driver_71,Route E,398,2020-03-02,2020
126,V1039,Driver_5,Route C,301,2020-06-08,2020
127,V1034,Driver_55,Route C,89,2020-02-24,2020
128,V1003,Driver_39,Route B,314,2020-07-13,2020
129,V1009,Driver_36,Route C,471,2020-02-08,2020
130,V1033,Driver_47,Route A,560,2020-06-06,2020
131,V1047,Driver_39,Route D,73,2020-01-14,2020
132,V1018,Driver_42,Route B,145,2020-03-11,2020
133,V1059,Driver_68,Route E,152,2020-07-04,2020
134,V1007,Driver_13,Route C,391,2020-06-11,2020
135,V1056,Driver_16,Route B,267,2020-10-25,2020
136,V1051,Driver_11,Route B,100,2020-05-21,2020
137,V1019,Driver_98,Route E,131,2020-12-30,2020
138,V1035,Driver_74,Route E,354,2020-10-09,2020
139,V1042,Driver_39,Route A,463,2020-01-21,2020
140,V1019,Driver_54,Route A,391,2020-05-17,2020
141,V1047,Driver_7,Route B,120,2020-02-18,2020
142,V1037,Driver_1,Route A,538,2020-01-22,2020
143,V1030,Driver_47,Route D,159,2020-05-15,2020
144,V1010,Driver_76,Route E,303,2020-02-11,2020
145,V1021,Driver_22,Route B,156,2020-11-18,2020
146,V1051,Driver_3,Route D,273,2020-12-28,2020
147,V1008,Driver_22,Route E,294,2020-07-27,2020
148,V1000,Driver_88,Route E,329,2020-10-22,2020
149,V1050,Driver_94,Route B,554,2020-10-07,2020
150,V1015,Driver_8,Route D,266,2020-11-09,2020
151,V1042,Driver_50,Route B,590,2020-05-29,2020
152,V1022,Driver_18,Route D,471,2020-10-23,2020
153,V1018,Driver_35,Route B,177,2020-12-27,2020
154,V1026,Driver_33,Route E,559,2020-01-01,2020
155,V1007,Driver_52,Route E,245,2020-05-09,2020
156,V1044,Driver_17,Route E,238,2020-11-24,2020
157,V1037,Driver_16,Route B,185,2020-12-30,2020
158,V1002,Driver_30,Route B,97,2020-02-06,2020
159,V1043,Driver_51,Route B,273,2020-05-21,2020
160,V1007,Driver_74,Route A,265,2020-02-26,2020
161,V1053,Driver_90,Route A,473,2020-02-24,2020
162,V1021,Driver_27,Route D,197,2020-03-16,2020
163,V1046,Driver_83,Route A,427,2020-06-15,2020
164,V1026,Driver_49,Route E,331,2020-08-15,2020
165,V1042,Driver_26,Route B,261,2020-07-18,2020
166,V1022,Driver_25,Route B,551,2020-09-07,2020
167,V1017,Driver_56,Route A,308,2020-01-02,2020
168,V1027,Driver_60,Route B,112,2020-01-31,2020
169,V1047,Driver_59,Route E,346,2020-04-14,2020
170,V1026,Driver_15,Route C,194,2020-05-25,2020
171,V1017,Driver_23,Route D,64,2020-08-30,2020
172,V1050,Driver_98,Route E,116,2020-10-27,2020
173,V1029,Driver_45,Route C,279,2020-08-18,2020
174,V1012,Driver_89,Route C,538,2020-07-18,2020
175,V1017,Driver_21,Route D,275,2020-08-12,2020
176,V1057,Driver_18,Route A,290,2020-11-26,2020
177,V1031,Driver_50,Route B,571,2020-11-24,2020
178,V1059,Driver_19,Route A,324,2020-07-08,2020
179,V1033,Driver_33,Route A,328,2020-12-03,2020
180,V1033,Driver_40,Route D,70,2020-02-02,2020
181,V1036,Driver_14,Route B,339,2020-05-09,2020
182,V1051,Driver_32,Route E,592,2020-04-03,2020
183,V1040,Driver_64,Route E,53,2020-03-17,2020
184,V1001,Driver_42,Route E,479,2020-10-17,2020
185,V1021,Driver_1,Route D,248,2020-04-05,2020
186,V1006,Driver_94,Route C,485,2020-05-08,2020
187,V1044,Driver_35,Route E,254,2020-11-17,2020
188,V1025,Driver_86,Route E,415,2020-02-19,2020
189,V1024,Driver_61,Route E,250,2020-05-05,2020
190,V1020,Driver_6,Route C,415,2020-08-29,2020
191,V1048,Driver_31,Route E,391,2020-09-09,2020
192,V1014,Driver_56,Route E,66,2020-12-19,2020
193,V1004,Driver_14,Route E,190,2020-04-28,2020
194,V1026,Driver_6,Route B,528,2020-07-30,2020
195,V1034,Driver_95,Route A,155,2020-12-14,2020
196,V1035,Driver_57,Route B,276,2020-04-19,2020
197,V1013,Driver_48,Route A,87,2020-05-11,2020
198,V1000,Driver_76,Route D,173,2020-05-23,2020
199,V1041,Driver_76,Route D,264,2020-02-17,2020
200,V1021,Driver_31,Route E,171,2020-02-17,2020
201,V1051,Driver_33,Route E,599,2020-11-18,2020
202,V1048,Driver_31,Route A,537,2020-12-18,2020
203,V1017,Driver_70,Route B,56,2020-09-07,2020
204,V1052,Driver_28,Route D,388,2020-02-21,2020
205,V1005,Driver_65,Route E,284,2020-10-21,2020
206,V1017,Driver_1,Route D,407,2020-07-01,2020
207,V1048,Driver_58,Route E,218,2020-01-14,2020
208,V1047,Driver_13,Route E,71,2020-12-07,2020
209,V1017,Driver_25,Route B,210,2020-04-29,2020
210,V1047,Driver_6,Route B,250,2020-04-17,2020
211,V1012,Driver_17,Route C,521,2020-02-01,2020
212,V1042,Driver_58,Route B,187,2020-01-17,2020
213,V1007,Driver_93,Route B,425,2020-11-17,2020
214,V1048,Driver_98,Route C,492,2020-03-19,2020
215,V1044,Driver_9,Route B,535,2020-07-12,2020
216,V1000,Driver_22,Route C,85,2020-09-29,2020
217,V1011,Driver_88,Route D,161,2020-02-13,2020
218,V1048,Driver_21,Route B,124,2020-03-19,2020
219,V1026,Driver_14,Route D,284,2020-12-24,2020
220,V1052,Driver_22,Route C,582,2020-10-11,2020
221,V1056,Driver_87,Route E,387,2020-08-19,2020
222,V1010,Driver_77,Route E,270,2020-08-17,2020
223,V1027,Driver_23,Route E,505,2020-05-22,2020
224,V1020,Driver_34,Route E,269,2020-01-11,2020
225,V1012,Driver_52,Route C,434,2020-10-01,2020
226,V1029,Driver_12,Route E,168,2020-12-21,2020
227,V1008,Driver_7,Route B,596,2020-02-27,2020
228,V1035,Driver_62,Route D,188,2020-01-28,2020
229,V1033,Driver_24,Route E,287,2020-03-05,2020
230,V1015,Driver_7,Route E,125,2020-05-03,2020
231,V1034,Driver_71,Route A,397,2020-09-25,2020
232,V1034,Driver_12,Route C,317,2020-06-19,2020
233,V1035,Driver_18,Route B,95,2020-08-06,2020
234,V1031,Driver_27,Route B,275,2020-12-23,2020
235,V1040,Driver_12,Route E,201,2020-11-15,2020
236,V1028,Driver_10,Route D,132,2020-06-13,2020
237,V1029,Driver_22,Route C,395,2020-01-16,2020
238,V1002,Driver_98,Route A,77,2020-12-06,2020
239,V1044,Driver_4,Route A,135,2020-06-14,2020
240,V1010,Driver_97,Route E,133,2020-02-12,2020
241,V1044,Driver_25,Route D,150,2020-08-12,2020
242,V1050,Driver_69,Route C,108,2020-11-18,2020
243,V1047,Driver_78,Route A,203,2020-06-29,2020
244,V1020,Driver_49,Route A,566,2020-11-26,2020
245,V1018,Driver_97,Route C,317,2020-03-22,2020
246,V1005,Driver_70,Route B,538,2020-05-27,2020
247,V1031,Driver_67,Route A,204,2020-03-30,2020
248,V1052,Driver_98,Route C,563,2020-11-14,2020
249,V1050,Driver_6,Route C,438,2020-08-28,2020
250,V1002,Driver_65,Route D,528,2020-01-14,2020
251,V1002,Driver_77,Route A,52,2020-12-04,2020
252,V1016,Driver_32,Route D,403,2020-11-21,2020
253,V1021,Driver_12,Route C,578,2020-05-20,2020
254,V1033,Driver_20,Route D,436,2020-10-15,2020
255,V1007,Driver_31,Route D,202,2020-05-17,2020
256,V1032,Driver_30,Route C,428,2020-12-04,2020
257,V1003,Driver_47,Route C,224,2020-10-22,2020
258,V1024,Driver_94,Route A,90,2020-11-16,2020
259,V1030,Driver_7,Route D,262,2020-05-03,2020
260,V1026,Driver_78,Route E,521,2020-11-12,2020
261,V1022,Driver_3,Route E,588,2020-04-04,2020
262,V1008,Driver_9,Route A,324,2020-01-25,2020
263,V1059,Driver_16,Route D,308,2020-09-27,2020
264,V1007,Driver_72,Route E,55,2020-05-13,2020
265,V1040,Driver_94,Route C,231,2020-10-07,2020
266,V1030,Driver_64,Route B,578,2020-04-09,2020
267,V1024,Driver_92,Route B,591,2020-11-27,2020
268,V1004,Driver_52,Route C,298,2020-03-20,2020
269,V1043,Driver_9,Route B,459,2020-11-12,2020
270,V1043,Driver_38,Route B,584,2020-10-19,2020
271,V1041,Driver_86,Route C,467,2020-06-01,2020
272,V1010,Driver_3,Route B,479,2020-03-07,2020
273,V1023,Driver_93,Route E,491,2020-04-19,2020
274,V1006,Driver_40,Route C,134,2020-08-24,2020
275,V1055,Driver_6,Route D,348,2020-11-19,2020
276,V1024,Driver_21,Route C,432,2020-05-28,2020
277,V1055,Driver_6,Route B,462,2020-04-27,2020
278,V1046,Driver_87,Route C,398,2020-10-05,2020
279,V1043,Driver_24,Route C,246,2020-01-12,2020
280,V1042,Driver_11,Route D,436,2020-06-06,2020
281,V1026,Driver_36,Route C,575,2020-10-21,2020
282,V1052,Driver_68,Route E,73,2020-04-25,2020
283,V1046,Driver_14,Route C,297,2020-10-11,2020
284,V1044,Driver_65,Route E,232,2020-05-21,2020
285,V1021,Driver_93,Route B,526,2020-11-08,2020
286,V1053,Driver_90,Route A,398,2020-01-20,2020
287,V1018,Driver_88,Route A,348,2020-05-02,2020
288,V1013,Driver_28,Route B,413,2020-04-09,2020
289,V1053,Driver_68,Route C,372,2020-12-28,2020
290,V1007,Driver_51,Route B,194,2020-02-22,2020
291,V1005,Driver_13,Route E,515,2020-09-26,2020
292,V1029,Driver_93,Route A,99,2020-11-06,2020
293,V1012,Driver_31,Route E,143,2020-11-19,2020
294,V1043,Driver_26,Route D,271,2020-03-09,2020
295,V1025,Driver_83,Route C,281,2020-01-21,2020
296,V1056,Driver_53,Route A,128,2020-02-12,2020
297,V1058,Driver_97,Route E,567,2020-09-11,2020
298,V1048,Driver_42,Route D,147,2020-08-24,2020
299,V1032,Driver_53,Route E,587,2020-01-05,2020
300,V1000,Driver_24,Route B,77,2020-01-16,2020
301,V1037,Driver_14,Route C,474,2020-02-27,2020
302,V1035,Driver_17,Route E,586,2020-01-07,2020
303,V1015,Driver_89,Route D,391,2020-08-29,2020
304,V1040,Driver_90,Route D,320,2020-05-25,2020
305,V1052,Driver_77,Route A,475,2020-01-02,2020
306,V1056,Driver_80,Route B,451,2020-07-07,2020
307,V1039,Driver_45,Route B,109,2020-02-09,2020
308,V1019,Driver_78,Route A,176,2020-09-26,2020
309,V1040,Driver_99,Route E,343,2020-02-25,2020
310,V1034,Driver_38,Route B,286,2020-07-22,2020
311,V1033,Driver_62,Route C,77,2020-10-27,2020
312,V1008,Driver_97,Route D,249,2020-03-28,2020
313,V1052,Driver_93,Route B,270,2020-11-06,2020
314,V1038,Driver_65,Route B,125,2020-05-02,2020
315,V1028,Driver_36,Route C,395,2020-08-02,2020
316,V1004,Driver_12,Route C,87,2020-12-22,2020
317,V1047,Driver_94,Route C,183,2020-09-23,2020
318,V1034,Driver_53,Route A,425,2020-11-18,2020
319,V1001,Driver_100,Route C,293,2020-09-09,2020
320,V1059,Driver_51,Route D,495,2020-01-24,2020
321,V1033,Driver_89,Route A,169,2020-03-06,2020
322,V1027,Driver_100,Route A,93,2020-04-08,2020
323,V1055,Driver_8,Route E,258,2020-07-03,2020
324,V1024,Driver_51,Route E,140,2020-01-14,2020
325,V1024,Driver_20,Route D,124,2020-06-13,2020
326,V1047,Driver_28,Route A,229,2020-04-21,2020
327,V1016,Driver_44,Route C,103,2020-08-08,2020
328,V1032,Driver_71,Route B,496,2020-10-19,2020
329,V1006,Driver_63,Route D,484,2020-10-14,2020
330,V1041,Driver_19,Route E,265,2020-09-25,2020
331,V1053,Driver_34,Route C,91,2020-02-29,2020
332,V1015,Driver_39,Route E,55,2020-09-27,2020
333,V1028,Driver_100,Route B,400,2020-06-01,2020
334,V1015,Driver_62,Route E,591,2020-03-10,2020
335,V1026,Driver_6,Route B,289,2020-11-26,2020
336,V1023,Driver_79,Route A,104,2020-02-22,2020
337,V1042,Driver_48,Route D,68,2020-11-06,2020
338,V1052,Driver_7,Route E,427,2020-10-16,2020
339,V1037,Driver_91,Route A,346,2020-05-26,2020
340,V1036,Driver_24,Route A,513,2020-05-10,2020
341,V1037,Driver_22,Route D,480,2020-11-15,2020
342,V1036,Driver_49,Route C,517,2020-02-15,2020
343,V1056,Driver_67,Route C,198,2020-10-01,2020
344,V1050,Driver_47,Route E,443,2020-11-22,2020
345,V1036,Driver_32,Route B,388,2020-10-16,2020
346,V1006,Driver_38,Route A,562,2020-06-07,2020
347,V1036,Driver_80,Route B,229,2020-04-07,2020
348,V1006,Driver_24,Route B,351,2020-03-13,2020
349,V1049,Driver_56,Route D,106,2020-07-27,2020
350,V1039,Driver_90,Route A,534,2020-03-20,2020
351,V1025,Driver_82,Route A,518,2020-08-01,2020
352,V1057,Driver_4,Route D,228,2020-04-20,2020
353,V1019,Driver_72,Route B,582,2020-11-06,2020
354,V1014,Driver_42,Route E,420,2020-11-28,2020
355,V1015,Driver_67,Route B,67,2020-05-25,2020
356,V1052,Driver_1,Route C,467,2020-12-05,2020
357,V1007,Driver_19,Route E,494,2020-06-23,2020
358,V1001,Driver_71,Route B,465,2020-10-29,2020
359,V1048,Driver_46,Route E,200,2020-08-10,2020
360,V1042,Driver_35,Route A,441,2020-10-20,2020
361,V1024,Driver_45,Route D,124,2020-04-20,2020
362,V1000,Driver_72,Route D,486,2020-02-20,2020
363,V1043,Driver_88,Route B,244,2020-09-27,2020
364,V1020,Driver_74,Route C,173,2020-05-08,2020
365,V1053,Driver_25,Route C,458,2020-10-04,2020
366,V1009,Driver_31,Route E,368,2020-09-17,2020
367,V1017,Driver_81,Route A,80,2020-03-25,2020
368,V1030,Driver_97,Route B,51,2020-01-04,2020
369,V1042,Driver_66,Route D,450,2020-07-18,2020
370,V1004,Driver_8,Route A,446,2020-09-14,2020
371,V1012,Driver_10,Route A,247,2020-11-09,2020
372,V1021,Driver_4,Route A,117,2020-07-11,2020
373,V1033,Driver_8,Route E,335,2020-02-11,2020
374,V1018,Driver_81,Route E,124,2020-06-13,2020
375,V1003,Driver_59,Route D,231,2020-11-18,2020
376,V1033,Driver_26,Route E,503,2020-11-24,2020
377,V1026,Driver_81,Route B,101,2020-07-07,2020
378,V1014,Driver_82,Route C,326,2020-01-09,2020
379,V1057,Driver_64,Route D,503,2020-11-02,2020
380,V1018,Driver_51,Route B,109,2020-08-17,2020
381,V1056,Driver_18,Route D,471,2020-12-09,2020
382,V1008,Driver_77,Route B,402,2020-01-10,2020
383,V1035,Driver_12,Route D,535,2020-07-15,2020
384,V1059,Driver_7,Route B,118,2020-05-14,2020
385,V1001,Driver_51,Route E,596,2020-05-14,2020
386,V1004,Driver_25,Route B,257,2020-08-20,2020
387,V1014,Driver_12,Route B,371,2020-07-02,2020
388,V1045,Driver_22,Route B,403,2020-07-24,2020
389,V1006,Driver_60,Route E,131,2020-08-25,2020
390,V1000,Driver_27,Route B,154,2020-02-10,2020
391,V1038,Driver_21,Route A,438,2020-02-27,2020
392,V1014,Driver_97,Route D,293,2020-09-19,2020
393,V1042,Driver_41,Route B,528,2020-09-10,2020
394,V1034,Driver_74,Route C,435,2020-03-03,2020
395,V1012,Driver_28,Route D,126,2020-12-07,2020
396,V1034,Driver_38,Route C,320,2020-10-30,2020
397,V1003,Driver_93,Route B,380,2020-01-25,2020
398,V1009,Driver_51,Route C,572,2020-01-23,2020
399,V1052,Driver_13,Route D,332,2020-05-25,2020
400,V1003,Driver_31,Route D,259,2020-12-15,2020
401,V1016,Driver_14,Route D,531,2020-09-30,2020
402,V1006,Driver_19,Route D,561,2020-12-07,2020
403,V1032,Driver_22,Route B,126,2020-01-08,2020
404,V1053,Driver_21,Route A,553,2020-10-28,2020
405,V1034,Driver_24,Route A,248,2020-05-13,2020
406,V1033,Driver_54,Route B,398,2020-09-08,2020
407,V1050,Driver_94,Route E,498,2020-04-29,2020
408,V1048,Driver_55,Route B,298,2020-02-28,2020
409,V1054,Driver_66,Route B,376,2020-07-28,2020
410,V1001,Driver_44,Route B,510,2020-01-12,2020
411,V1031,Driver_90,Route E,488,2020-07-25,2020
412,V1043,Driver_16,Route D,539,2020-12-24,2020
413,V1003,Driver_52,Route D,291,2020-07-26,2020
414,V1033,Driver_100,Route B,65,2020-07-05,2020
415,V1048,Driver_1,Route D,197,2020-02-13,2020
416,V1042,Driver_22,Route B,279,2020-11-18,2020
417,V1022,Driver_42,Route B,138,2020-07-20,2020
418,V1043,Driver_85,Route C,65,2020-06-20,2020
419,V1034,Driver_58,Route A,321,2020-07-26,2020
420,V1036,Driver_20,Route A,585,2020-11-29,2020
421,V1049,Driver_23,Route A,192,2020-06-16,2020
422,V1036,Driver_51,Route D,90,2020-10-12,2020
423,V1037,Driver_69,Route C,290,2020-08-08,2020
424,V1039,Driver_78,Route E,345,2020-10-06,2020
425,V1055,Driver_3,Route B,179,2020-01-20,2020
426,V1054,Driver_43,Route A,285,2020-12-05,2020
427,V1053,Driver_70,Route D,306,2020-09-16,2020
428,V1018,Driver_83,Route B,355,2020-11-06,2020
429,V1021,Driver_95,Route E,574,2020-10-10,2020
430,V1040,Driver_9,Route A,340,2020-06-26,2020
431,V1028,Driver_81,Route E,569,2020-08-22,2020
432,V1051,Driver_97,Route A,501,2020-02-16,2020
433,V1022,Driver_23,Route B,461,2020-08-17,2020
434,V1024,Driver_62,Route B,241,2020-01-14,2020
435,V1059,Driver_79,Route D,331,2020-07-13,2020
436,V1049,Driver_10,Route E,115,2020-11-17,2020
437,V1042,Driver_60,Route D,594,2020-09-09,2020
438,V1024,Driver_70,Route B,496,2020-09-15,2020
439,V1031,Driver_92,Route B,182,2020-06-12,2020
440,V1033,Driver_74,Route B,555,2020-01-20,2020
441,V1050,Driver_83,Route E,375,2020-12-14,2020
442,V1033,Driver_1,Route D,240,2020-12-15,2020
443,V1040,Driver_31,Route C,103,2020-12-22,2020
444,V1017,Driver_4,Route C,449,2020-07-14,2020
445,V1046,Driver_80,Route C,517,2020-10-18,2020
446,V1002,Driver_4,Route A,221,2020-05-23,2020
447,V1057,Driver_70,Route B,400,2020-07-10,2020
448,V1017,Driver_33,Route B,586,2020-07-20,2020
449,V1029,Driver_76,Route D,250,2020-03-12,2020
450,V1022,Driver_79,Route C,240,2020-11-22,2020
451,V1015,Driver_82,Route B,595,2020-10-21,2020
452,V1054,Driver_35,Route D,277,2020-04-09,2020
453,V1034,Driver_74,Route A,398,2020-07-26,2020
454,V1010,Driver_34,Route A,385,2020-04-05,2020
455,V1034,Driver_98,Route C,544,2020-04-01,2020
456,V1058,Driver_44,Route D,221,2020-10-21,2020
457,V1010,Driver_52,Route E,276,2020-12-21,2020
458,V1014,Driver_44,Route E,428,2020-02-22,2020
459,V1014,Driver_65,Route A,450,2020-07-08,2020
460,V1023,Driver_4,Route D,581,2020-05-14,2020
461,V1024,Driver_72,Route C,66,2020-11-08,2020
462,V1020,Driver_97,Route D,344,2020-05-13,2020
463,V1014,Driver_1,Route B,363,2020-11-17,2020
464,V1039,Driver_16,Route E,126,2020-02-27,2020
465,V1058,Driver_62,Route E,545,2020-03-25,2020
466,V1003,Driver_26,Route E,391,2020-10-24,2020
467,V1015,Driver_35,Route A,138,2020-07-05,2020
468,V1013,Driver_51,Route C,140,2020-06-15,2020
469,V1018,Driver_59,Route A,384,2020-06-16,2020
470,V1012,Driver_14,Route B,227,2020-07-06,2020
471,V1039,Driver_28,Route D,537,2020-09-25,2020
472,V1006,Driver_31,Route D,508,2020-06-11,2020
473,V1002,Driver_3,Route E,322,2020-03-17,2020
474,V1044,Driver_83,Route A,340,2020-02-14,2020
475,V1002,Driver_100,Route C,231,2020-08-21,2020
476,V1024,Driver_79,Route E,174,2020-12-22,2020
477,V1037,Driver_68,Route D,111,2020-11-05,2020
478,V1046,Driver_17,Route D,56,2020-05-19,2020
479,V1023,Driver_17,Route B,576,2020-09-26,2020
480,V1035,Driver_99,Route C,461,2020-03-24,2020
481,V1056,Driver_18,Route C,488,2020-08-01,2020
482,V1003,Driver_42,Route E,568,2020-07-31,2020
483,V1050,Driver_97,Route D,502,2020-05-23,2020
484,V1019,Driver_22,Route B,554,2020-12-27,2020
485,V1021,Driver_66,Route C,336,2020-10-04,2020
486,V1040,Driver_44,Route E,482,2020-07-05,2020
487,V1050,Driver_41,Route E,344,2020-04-01,2020
488,V1032,Driver_17,Route C,171,2020-02-12,2020
489,V1051,Driver_89,Route D,390,2020-01-14,2020
490,V1008,Driver_1,Route A,93,2020-03-20,2020
491,V1051,Driver_40,Route C,285,2020-10-27,2020
492,V1041,Driver_30,Route A,292,2020-03-08,2020
493,V1041,Driver_15,Route C,374,2020-02-05,2020
494,V1013,Driver_1,Route C,398,2020-09-03,2020
495,V1002,Driver_67,Route B,485,2020-10-11,2020
496,V1047,Driver_24,Route A,340,2020-06-04,2020
497,V1018,Driver_67,Route E,442,2020-07-16,2020
498,V1037,Driver_80,Route D,197,2020-09-12,2020
499,V1054,Driver_89,Route B,483,2020-08-17,2020
500,V1057,Driver_82,Route D,349,2020-11-25,2020
501,V1026,Driver_20,Route A,182,2021-07-07,2021
502,V1054,Driver_66,Route B,427,2021-05-28,2021
503,V1013,Driver_9,Route E,273,2021-03-30,2021
504,V1045,Driver_70,Route A,186,2021-04-08,2021
505,V1053,Driver_9,Route B,254,2021-11-07,2021
506,V1009,Driver_83,Route A,362,2021-11-16,2021
507,V1005,Driver_8,Route D,58,2021-02-16,2021
508,V1033,Driver_32,Route D,318,2021-09-08,2021
509,V1010,Driver_27,Route E,524,2021-06-26,2021
510,V1001,Driver_69,Route B,532,2021-07-26,2021
511,V1033,Driver_91,Route A,516,2021-04-01,2021
512,V1050,Driver_24,Route C,541,2021-08-26,2021
513,V1020,Driver_34,Route C,322,2021-09-05,2021
514,V1008,Driver_49,Route B,83,2021-06-16,2021
515,V1009,Driver_80,Route A,573,2021-12-09,2021
516,V1047,Driver_59,Route D,296,2021-02-22,2021
517,V1025,Driver_7,Route E,236,2021-08-14,2021
518,V1007,Driver_83,Route D,229,2021-02-02,2021
519,V1029,Driver_88,Route B,253,2021-08-15,2021
520,V1050,Driver_92,Route B,240,2021-01-15,2021
521,V1020,Driver_24,Route B,208,2021-10-23,2021
522,V1036,Driver_79,Route B,471,2021-03-29,2021
523,V1006,Driver_94,Route D,384,2021-12-03,2021
524,V1054,Driver_75,Route A,360,2021-05-01,2021
525,V1035,Driver_71,Route B,292,2021-03-27,2021
526,V1020,Driver_84,Route C,300,2021-10-23,2021
527,V1054,Driver_70,Route B,377,2021-10-12,2021
528,V1019,Driver_35,Route D,175,2021-09-08,2021
529,V1046,Driver_83,Route D,554,2021-04-23,2021
530,V1010,Driver_51,Route C,303,2021-01-11,2021
531,V1036,Driver_43,Route C,309,2021-10-23,2021
532,V1051,Driver_100,Route D,169,2021-04-03,2021
533,V1057,Driver_58,Route E,499,2021-01-02,2021
534,V1011,Driver_74,Route B,500,2021-02-05,2021
535,V1010,Driver_8,Route C,302,2021-12-08,2021
536,V1057,Driver_77,Route D,589,2021-09-12,2021
537,V1046,Driver_15,Route B,552,2021-12-29,2021
538,V1057,Driver_42,Route B,581,2021-05-05,2021
539,V1008,Driver_20,Route A,150,2021-03-10,2021
540,V1050,Driver_47,Route D,105,2021-10-08,2021
541,V1012,Driver_23,Route A,95,2021-05-16,2021
542,V1048,Driver_71,Route D,526,2021-09-23,2021
543,V1032,Driver_65,Route E,498,2021-06-28,2021
544,V1043,Driver_27,Route C,576,2021-07-02,2021
545,V1011,Driver_31,Route E,453,2021-02-01,2021
546,V1051,Driver_97,Route A,256,2021-01-09,2021
547,V1017,Driver_39,Route B,447,2021-11-27,2021
548,V1005,Driver_74,Route E,378,2021-02-26,2021
549,V1029,Driver_9,Route C,216,2021-04-18,2021
550,V1055,Driver_94,Route E,145,2021-01-12,2021
551,V1049,Driver_20,Route E,221,2021-10-28,2021
552,V1047,Driver_45,Route A,144,2021-06-05,2021
553,V1012,Driver_62,Route C,573,2021-04-09,2021
554,V1003,Driver_79,Route B,55,2021-10-23,2021
555,V1026,Driver_61,Route A,265,2021-12-18,2021
556,V1037,Driver_64,Route A,167,2021-03-16,2021
557,V1025,Driver_7,Route B,205,2021-03-01,2021
558,V1013,Driver_21,Route A,521,2021-07-29,2021
559,V1029,Driver_97,Route B,104,2021-02-28,2021
560,V1038,Driver_99,Route A,168,2021-02-27,2021
561,V1024,Driver_52,Route A,182,2021-04-03,2021
562,V1002,Driver_16,Route E,82,2021-08-17,2021
563,V1008,Driver_93,Route C,591,2021-08-13,2021
564,V1059,Driver_32,Route B,269,2021-01-19,2021
565,V1018,Driver_74,Route B,491,2021-07-14,2021
566,V1021,Driver_27,Route E,63,2021-12-05,2021
567,V1011,Driver_59,Route C,583,2021-02-23,2021
568,V1009,Driver_98,Route C,230,2021-02-21,2021
569,V1005,Driver_37,Route A,454,2021-11-17,2021
570,V1033,Driver_18,Route C,58,2021-10-23,2021
571,V1042,Driver_42,Route B,203,2021-11-02,2021
572,V1018,Driver_49,Route B,67,2021-10-30,2021
573,V1012,Driver_90,Route C,408,2021-07-14,2021
574,V1053,Driver_9,Route A,269,2021-12-08,2021
575,V1036,Driver_77,Route C,181,2021-12-22,2021
576,V1037,Driver_64,Route A,149,2021-04-28,2021
577,V1029,Driver_16,Route B,332,2021-04-08,2021
578,V1027,Driver_46,Route E,384,2021-10-04,2021
579,V1023,Driver_50,Route C,183,2021-04-19,2021
580,V1054,Driver_4,Route C,126,2021-03-21,2021
581,V1001,Driver_19,Route D,105,2021-08-05,2021
582,V1007,Driver_47,Route E,215,2021-09-03,2021
583,V1014,Driver_72,Route D,334,2021-01-31,2021
584,V1010,Driver_77,Route E,112,2021-08-15,2021
585,V1046,Driver_93,Route A,491,2021-08-07,2021
586,V1055,Driver_76,Route A,472,2021-04-27,2021
587,V1008,Driver_17,Route C,593,2021-11-29,2021
588,V1057,Driver_14,Route C,377,2021-05-14,2021
589,V1055,Driver_21,Route A,277,2021-12-26,2021
590,V1045,Driver_37,Route A,305,2021-01-31,2021
591,V1007,Driver_3,Route E,421,2021-07-27,2021
592,V1031,Driver_73,Route D,427,2021-08-05,2021
593,V1057,Driver_40,Route E,116,2021-07-09,2021
594,V1028,Driver_76,Route C,430,2021-05-26,2021
595,V1027,Driver_23,Route B,307,2021-09-03,2021
596,V1053,Driver_14,Route B,307,2021-08-25,2021
597,V1027,Driver_1,Route A,95,2021-10-12,2021
598,V1003,Driver_99,Route A,576,2021-03-04,2021
599,V1002,Driver_27,Route A,472,2021-10-11,2021
600,V1014,Driver_13,Route D,458,2021-05-22,2021
601,V1048,Driver_12,Route D,215,2021-08-05,2021
602,V1033,Driver_6,Route E,63,2021-09-22,2021
603,V1006,Driver_94,Route C,508,2021-02-24,2021
604,V1009,Driver_76,Route A,160,2021-06-25,2021
605,V1045,Driver_8,Route D,136,2021-04-11,2021
606,V1032,Driver_6,Route D,513,2021-02-22,2021
607,V1015,Driver_7,Route D,284,2021-06-20,2021
608,V1005,Driver_7,Route C,419,2021-09-29,2021
609,V1017,Driver_63,Route C,254,2021-07-25,2021
610,V1011,Driver_15,Route B,75,2021-01-09,2021
611,V1036,Driver_56,Route B,407,2021-09-30,2021
612,V1055,Driver_68,Route C,507,2021-08-07,2021
613,V1045,Driver_55,Route E,309,2021-09-12,2021
614,V1001,Driver_27,Route A,55,2021-06-20,2021
615,V1012,Driver_86,Route B,462,2021-03-22,2021
616,V1052,Driver_57,Route C,497,2021-07-21,2021
617,V1027,Driver_20,Route A,411,2021-10-27,2021
618,V1004,Driver_68,Route B,191,2021-12-25,2021
619,V1054,Driver_61,Route A,82,2021-01-30,2021
620,V1017,Driver_52,Route D,485,2021-02-21,2021
621,V1019,Driver_43,Route E,75,2021-02-04,2021
622,V1050,Driver_15,Route A,507,2021-10-29,2021
623,V1031,Driver_86,Route D,177,2021-05-10,2021
624,V1002,Driver_3,Route C,291,2021-10-06,2021
625,V1049,Driver_71,Route A,326,2021-10-21,2021
626,V1000,Driver_41,Route B,117,2021-06-12,2021
627,V1050,Driver_23,Route A,311,2021-11-09,2021
628,V1038,Driver_65,Route A,354,2021-11-28,2021
629,V1053,Driver_77,Route D,454,2021-11-07,2021
630,V1033,Driver_64,Route B,116,2021-04-12,2021
631,V1029,Driver_76,Route D,173,2021-08-01,2021
632,V1024,Driver_78,Route E,349,2021-02-22,2021
633,V1026,Driver_49,Route A,202,2021-04-21,2021
634,V1031,Driver_37,Route A,546,2021-09-03,2021
635,V1036,Driver_35,Route B,288,2021-03-31,2021
636,V1048,Driver_42,Route D,237,2021-04-18,2021
637,V1047,Driver_89,Route E,346,2021-10-26,2021
638,V1036,Driver_15,Route E,506,2021-01-08,2021
639,V1004,Driver_92,Route C,219,2021-08-09,2021
640,V1054,Driver_85,Route B,76,2021-04-20,2021
641,V1029,Driver_7,Route E,521,2021-10-04,2021
642,V1054,Driver_22,Route A,141,2021-07-30,2021
643,V1003,Driver_21,Route A,315,2021-02-18,2021
644,V1054,Driver_70,Route A,290,2021-07-09,2021
645,V1043,Driver_90,Route E,575,2021-11-01,2021
646,V1032,Driver_100,Route E,509,2021-03-17,2021
647,V1057,Driver_15,Route A,505,2021-01-12,2021
648,V1046,Driver_69,Route E,346,2021-12-05,2021
649,V1032,Driver_4,Route A,458,2021-05-14,2021
650,V1019,Driver_69,Route B,214,2021-03-03,2021
651,V1028,Driver_46,Route E,575,2021-04-30,2021
652,V1036,Driver_57,Route E,432,2021-08-13,2021
653,V1059,Driver_2,Route E,226,2021-02-01,2021
654,V1051,Driver_4,Route C,97,2021-08-03,2021
655,V1030,Driver_41,Route D,145,2021-04-03,2021
656,V1053,Driver_25,Route D,137,2021-06-03,2021
657,V1038,Driver_52,Route A,136,2021-03-22,2021
658,V1032,Driver_64,Route E,326,2021-03-26,2021
659,V1038,Driver_86,Route D,566,2021-03-19,2021
660,V1029,Driver_93,Route D,538,2021-12-07,2021
661,V1040,Driver_7,Route C,94,2021-10-29,2021
662,V1022,Driver_30,Route A,314,2021-02-15,2021
663,V1050,Driver_75,Route D,165,2021-07-01,2021
664,V1027,Driver_6,Route D,304,2021-04-01,2021
665,V1031,Driver_37,Route E,279,2021-06-20,2021
666,V1046,Driver_49,Route C,159,2021-08-24,2021
667,V1037,Driver_85,Route D,236,2021-05-30,2021
668,V1040,Driver_6,Route E,481,2021-12-26,2021
669,V1040,Driver_37,Route E,435,2021-07-16,2021
670,V1034,Driver_32,Route C,489,2021-01-14,2021
671,V1017,Driver_58,Route E,369,2021-03-19,2021
672,V1004,Driver_57,Route A,206,2021-10-15,2021
673,V1021,Driver_14,Route D,195,2021-03-23,2021
674,V1059,Driver_46,Route E,298,2021-11-19,2021
675,V1026,Driver_36,Route E,178,2021-01-01,2021
676,V1032,Driver_74,Route B,322,2021-10-01,2021
677,V1025,Driver_69,Route E,283,2021-11-11,2021
678,V1002,Driver_56,Route B,314,2021-07-22,2021
679,V1030,Driver_20,Route E,505,2021-11-05,2021
680,V1036,Driver_9,Route D,72,2021-11-16,2021
681,V1053,Driver_9,Route A,357,2021-02-07,2021
682,V1013,Driver_15,Route E,304,2021-07-03,2021
683,V1042,Driver_97,Route E,217,2021-04-15,2021
684,V1045,Driver_53,Route A,288,2021-04-20,2021
685,V1030,Driver_93,Route D,50,2021-06-24,2021
686,V1011,Driver_32,Route A,310,2021-06-14,2021
687,V1035,Driver_66,Route A,460,2021-06-20,2021
688,V1049,Driver_90,Route A,219,2021-07-04,2021
689,V1058,Driver_36,Route C,557,2021-03-16,2021
690,V1016,Driver_16,Route E,149,2021-08-08,2021
691,V1020,Driver_84,Route A,247,2021-12-23,2021
692,V1018,Driver_36,Route A,476,2021-07-25,2021
693,V1054,Driver_9,Route D,545,2021-02-03,2021
694,V1049,Driver_67,Route B,314,2021-11-01,2021
695,V1034,Driver_74,Route E,92,2021-10-07,2021
696,V1034,Driver_94,Route A,460,2021-08-25,2021
697,V1053,Driver_71,Route B,149,2021-05-20,2021
698,V1005,Driver_57,Route C,473,2021-09-22,2021
699,V1054,Driver_14,Route B,384,2021-11-15,2021
700,V1011,Driver_51,Route D,321,2021-10-07,2021
701,V1027,Driver_79,Route E,304,2021-12-24,2021
702,V1037,Driver_51,Route E,500,2021-06-09,2021
703,V1059,Driver_65,Route D,369,2021-12-19,2021
704,V1057,Driver_12,Route C,398,2021-10-29,2021
705,V1016,Driver_41,Route A,163,2021-03-05,2021
706,V1039,Driver_18,Route E,234,2021-01-30,2021
707,V1054,Driver_88,Route D,419,2021-05-07,2021
708,V1044,Driver_49,Route A,409,2021-02-28,2021
709,V1004,Driver_61,Route A,482,2021-12-16,2021
710,V1046,Driver_8,Route B,600,2021-10-12,2021
711,V1051,Driver_51,Route B,481,2021-06-10,2021
712,V1015,Driver_53,Route B,152,2021-09-21,2021
713,V1037,Driver_34,Route C,431,2021-11-03,2021
714,V1003,Driver_49,Route D,57,2021-01-26,2021
715,V1001,Driver_77,Route E,358,2021-03-11,2021
716,V1019,Driver_68,Route E,306,2021-04-02,2021
717,V1003,Driver_38,Route D,434,2021-12-16,2021
718,V1055,Driver_36,Route E,495,2021-08-09,2021
719,V1031,Driver_53,Route A,384,2021-08-12,2021
720,V1016,Driver_21,Route A,368,2021-06-11,2021
721,V1027,Driver_47,Route D,503,2021-06-24,2021
722,V1034,Driver_4,Route E,511,2021-06-07,2021
723,V1049,Driver_41,Route B,246,2021-09-17,2021
724,V1051,Driver_78,Route A,485,2021-03-08,2021
725,V1015,Driver_48,Route C,464,2021-07-15,2021
726,V1050,Driver_17,Route B,478,2021-06-22,2021
727,V1044,Driver_38,Route A,161,2021-07-23,2021
728,V1040,Driver_43,Route E,405,2021-04-28,2021
729,V1059,Driver_7,Route A,485,2021-03-24,2021
730,V1054,Driver_24,Route A,229,2021-03-19,2021
731,V1018,Driver_24,Route D,488,2021-09-02,2021
732,V1044,Driver_85,Route D,368,2021-07-25,2021
733,V1008,Driver_98,Route C,118,2021-07-19,2021
734,V1001,Driver_14,Route A,231,2021-05-24,2021
735,V1045,Driver_13,Route A,431,2021-09-15,2021
736,V1052,Driver_33,Route E,579,2021-11-24,2021
737,V1024,Driver_8,Route A,599,2021-01-08,2021
738,V1006,Driver_61,Route E,578,2021-07-22,2021
739,V1030,Driver_92,Route D,180,2021-04-11,2021
740,V1055,Driver_11,Route B,416,2021-08-16,2021
741,V1059,Driver_2,Route C,506,2021-03-11,2021
742,V1045,Driver_53,Route C,218,2021-11-23,2021
743,V1051,Driver_55,Route A,200,2021-02-26,2021
744,V1058,Driver_22,Route A,258,2021-09-28,2021
745,V1016,Driver_30,Route D,400,2021-04-27,2021
746,V1027,Driver_45,Route E,445,2021-09-30,2021
747,V1003,Driver_60,Route E,408,2021-11-22,2021
748,V1010,Driver_48,Route C,576,2021-03-31,2021
749,V1019,Driver_17,Route A,288,2021-09-15,2021
750,V1020,Driver_33,Route C,324,2021-01-25,2021
751,V1002,Driver_87,Route D,310,2021-06-06,2021
752,V1041,Driver_48,Route C,528,2021-06-23,2021
753,V1047,Driver_19,Route B,128,2021-02-27,2021
754,V1008,Driver_25,Route B,508,2021-05-27,2021
755,V1049,Driver_69,Route E,553,2021-12-16,2021
756,V1039,Driver_94,Route A,511,2021-08-13,2021
757,V1057,Driver_100,Route D,261,2021-05-05,2021
758,V1042,Driver_38,Route B,551,2021-03-28,2021
759,V1001,Driver_25,Route E,438,2021-12-17,2021
760,V1010,Driver_10,Route D,412,2021-01-07,2021
761,V1041,Driver_70,Route A,118,2021-11-07,2021
762,V1050,Driver_50,Route B,92,2021-05-11,2021
763,V1021,Driver_92,Route B,83,2021-07-17,2021
764,V1038,Driver_30,Route C,565,2021-03-16,2021
765,V1017,Driver_80,Route B,388,2021-04-28,2021
766,V1056,Driver_40,Route A,86,2021-12-25,2021
767,V1050,Driver_82,Route A,577,2021-02-05,2021
768,V1045,Driver_51,Route D,535,2021-09-16,2021
769,V1018,Driver_66,Route A,485,2021-06-26,2021
770,V1011,Driver_36,Route C,310,2021-12-10,2021
771,V1023,Driver_34,Route C,487,2021-01-28,2021
772,V1052,Driver_69,Route B,597,2021-07-05,2021
773,V1044,Driver_9,Route D,272,2021-08-19,2021
774,V1045,Driver_71,Route A,65,2021-11-25,2021
775,V1043,Driver_84,Route C,296,2021-11-26,2021
776,V1038,Driver_16,Route B,599,2021-08-22,2021
777,V1032,Driver_66,Route C,445,2021-11-15,2021
778,V1036,Driver_75,Route D,590,2021-09-21,2021
779,V1049,Driver_20,Route E,112,2021-06-06,2021
780,V1020,Driver_62,Route E,186,2021-09-03,2021
781,V1006,Driver_36,Route D,190,2021-05-10,2021
782,V1024,Driver_30,Route A,141,2021-11-03,2021
783,V1034,Driver_96,Route D,308,2021-03-31,2021
784,V1017,Driver_17,Route B,281,2021-10-31,2021
785,V1028,Driver_21,Route E,291,2021-05-02,2021
786,V1036,Driver_14,Route B,165,2021-11-27,2021
787,V1042,Driver_71,Route D,80,2021-07-20,2021
788,V1058,Driver_21,Route E,265,2021-03-30,2021
789,V1033,Driver_66,Route A,267,2021-03-27,2021
790,V1009,Driver_16,Route A,169,2021-01-08,2021
791,V1011,Driver_30,Route B,52,2021-01-09,2021
792,V1004,Driver_89,Route E,445,2021-08-25,2021
793,V1027,Driver_49,Route A,96,2021-01-16,2021
794,V1032,Driver_81,Route E,542,2021-07-17,2021
795,V1007,Driver_2,Route E,135,2021-06-01,2021
796,V1012,Driver_48,Route D,145,2021-05-28,2021
797,V1003,Driver_93,Route B,346,2021-06-13,2021
798,V1041,Driver_32,Route A,572,2021-01-25,2021
799,V1050,Driver_62,Route C,481,2021-10-09,2021
800,V1041,Driver_18,Route B,372,2021-06-08,2021
801,V1026,Driver_76,Route C,150,2021-01-18,2021
802,V1000,Driver_26,Route A,518,2021-07-26,2021
803,V1058,Driver_24,Route A,428,2021-05-23,2021
804,V1021,Driver_96,Route E,438,2021-08-13,2021
805,V1053,Driver_10,Route C,70,2021-12-19,2021
806,V1002,Driver_56,Route D,449,2021-08-05,2021
807,V1017,Driver_12,Route A,63,2021-11-28,2021
808,V1025,Driver_48,Route C,138,2021-12-29,2021
809,V1005,Driver_91,Route B,338,2021-01-01,2021
810,V1051,Driver_58,Route E,381,2021-02-21,2021
811,V1025,Driver_79,Route E,325,2021-11-13,2021
812,V1030,Driver_6,Route E,65,2021-07-08,2021
813,V1049,Driver_72,Route B,490,2021-08-03,2021
814,V1035,Driver_26,Route C,194,2021-07-13,2021
815,V1034,Driver_93,Route E,464,2021-03-23,2021
816,V1024,Driver_78,Route D,65,2021-09-28,2021
817,V1014,Driver_70,Route D,582,2021-11-22,2021
818,V1036,Driver_16,Route D,591,2021-12-16,2021
819,V1042,Driver_83,Route D,124,2021-07-06,2021
820,V1001,Driver_48,Route E,489,2021-04-03,2021
821,V1023,Driver_59,Route A,515,2021-07-13,2021
822,V1001,Driver_89,Route E,292,2021-03-06,2021
823,V1001,Driver_12,Route B,491,2021-12-26,2021
824,V1048,Driver_46,Route D,584,2021-10-23,2021
825,V1035,Driver_24,Route D,65,2021-06-04,2021
826,V1005,Driver_71,Route A,427,2021-03-13,2021
827,V1004,Driver_60,Route C,393,2021-09-19,2021
828,V1020,Driver_16,Route D,548,2021-08-22,2021
829,V1018,Driver_91,Route A,191,2021-09-07,2021
830,V1018,Driver_50,Route E,239,2021-02-08,2021
831,V1006,Driver_70,Route E,198,2021-05-24,2021
832,V1005,Driver_78,Route E,462,2021-03-12,2021
833,V1027,Driver_35,Route B,216,2021-03-14,2021
834,V1038,Driver_62,Route C,574,2021-10-28,2021
835,V1004,Driver_58,Route A,320,2021-07-07,2021
836,V1017,Driver_17,Route A,404,2021-12-15,2021
837,V1018,Driver_48,Route D,96,2021-06-13,2021
838,V1027,Driver_100,Route E,179,2021-01-02,2021
839,V1054,Driver_74,Route B,179,2021-07-07,2021
840,V1031,Driver_1,Route E,68,2021-01-26,2021
841,V1004,Driver_81,Route D,274,2021-12-27,2021
842,V1057,Driver_44,Route D,331,2021-01-28,2021
843,V1029,Driver_22,Route B,189,2021-05-23,2021
844,V1054,Driver_61,Route B,565,2021-03-25,2021
845,V1058,Driver_72,Route E,385,2021-05-24,2021
846,V1000,Driver_8,Route A,547,2021-09-24,2021
847,V1041,Driver_67,Route B,214,2021-12-19,2021
848,V1016,Driver_92,Route D,296,2021-02-16,2021
849,V1008,Driver_54,Route A,448,2021-10-05,2021
850,V1059,Driver_99,Route C,56,2021-09-04,2021
851,V1004,Driver_8,Route C,110,2021-02-16,2021
852,V1007,Driver_74,Route C,51,2021-11-09,2021
853,V1011,Driver_60,Route A,138,2021-06-11,2021
854,V1011,Driver_55,Route A,94,2021-07-05,2021
855,V1014,Driver_57,Route A,189,2021-04-13,2021
856,V1002,Driver_5,Route D,122,2021-08-09,2021
857,V1037,Driver_41,Route A,54,2021-09-05,2021
858,V1016,Driver_90,Route A,566,2021-10-21,2021
859,V1050,Driver_40,Route E,385,2021-12-24,2021
860,V1018,Driver_30,Route B,584,2021-08-28,2021
861,V1026,Driver_76,Route E,268,2021-07-31,2021
862,V1022,Driver_17,Route E,313,2021-05-23,2021
863,V1030,Driver_99,Route A,473,2021-02-15,2021
864,V1039,Driver_93,Route E,194,2021-08-31,2021
865,V1012,Driver_40,Route E,134,2021-04-20,2021
866,V1057,Driver_99,Route A,86,2021-05-13,2021
867,V1021,Driver_6,Route B,410,2021-10-15,2021
868,V1042,Driver_79,Route D,277,2021-12-17,2021
869,V1011,Driver_9,Route D,353,2021-04-20,2021
870,V1056,Driver_94,Route C,498,2021-05-12,2021
871,V1033,Driver_98,Route B,395,2021-03-19,2021
872,V1026,Driver_68,Route A,465,2021-05-20,2021
873,V1034,Driver_56,Route A,489,2021-08-18,2021
874,V1012,Driver_76,Route E,274,2021-05-09,2021
875,V1057,Driver_39,Route E,565,2021-04-10,2021
876,V1035,Driver_39,Route B,375,2021-04-27,2021
877,V1024,Driver_81,Route C,465,2021-03-12,2021
878,V1034,Driver_7,Route C,392,2021-01-28,2021
879,V1028,Driver_57,Route C,101,2021-07-21,2021
880,V1023,Driver_58,Route E,393,2021-06-30,2021
881,V1005,Driver_47,Route D,213,2021-04-16,2021
882,V1036,Driver_24,Route A,84,2021-10-04,2021
883,V1059,Driver_43,Route C,159,2021-01-22,2021
884,V1031,Driver_81,Route C,78,2021-12-08,2021
885,V1038,Driver_14,Route B,152,2021-02-12,2021
886,V1006,Driver_60,Route E,447,2021-02-18,2021
887,V1038,Driver_88,Route A,195,2021-06-18,2021
888,V1051,Driver_38,Route D,448,2021-01-28,2021
889,V1043,Driver_90,Route B,222,2021-11-21,2021
890,V1001,Driver_52,Route E,429,2021-04-30,2021
891,V1020,Driver_35,Route A,231,2021-01-01,2021
892,V1057,Driver_11,Route B,236,2021-08-13,2021
893,V1057,Driver_41,Route E,415,2021-01-31,2021
894,V1000,Driver_21,Route D,101,2021-02-10,2021
895,V1020,Driver_15,Route C,269,2021-04-04,2021
896,V1058,Driver_45,Route E,315,2021-08-14,2021
897,V1040,Driver_80,Route C,82,2021-08-13,2021
898,V1018,Driver_6,Route D,152,2021-08-15,2021
899,V1045,Driver_25,Route B,524,2021-11-01,2021
900,V1035,Driver_7,Route C,424,2021-11-26,2021
901,V1001,Driver_30,Route A,99,2021-01-05,2021
902,V1025,Driver_37,Route E,271,2021-06-05,2021
903,V1049,Driver_93,Route A,258,2021-12-20,2021
904,V1057,Driver_75,Route A,53,2021-05-23,2021
905,V1022,Driver_17,Route A,269,2021-08-08,2021
906,V1002,Driver_65,Route E,341,2021-02-02,2021
907,V1004,Driver_70,Route C,146,2021-04-24,2021
908,V1041,Driver_44,Route E,228,2021-10-07,2021
909,V1022,Driver_45,Route B,432,2021-12-18,2021
910,V1036,Driver_44,Route B,96,2021-07-05,2021
911,V1024,Driver_10,Route A,110,2021-07-28,2021
912,V1031,Driver_73,Route E,63,2021-11-26,2021
913,V1001,Driver_51,Route E,488,2021-10-08,2021
914,V1003,Driver_10,Route E,446,2021-08-13,2021
915,V1030,Driver_34,Route A,297,2021-09-03,2021
916,V1032,Driver_35,Route B,273,2021-12-06,2021
917,V1012,Driver_73,Route C,364,2021-10-25,2021
918,V1044,Driver_48,Route B,71,2021-01-02,2021
919,V1025,Driver_63,Route D,436,2021-03-22,2021
920,V1021,Driver_42,Route A,273,2021-03-24,2021
921,V1040,Driver_45,Route A,124,2021-09-10,2021
922,V1013,Driver_49,Route C,311,2021-03-08,2021
923,V1057,Driver_51,Route B,342,2021-02-24,2021
924,V1029,Driver_69,Route C,238,2021-10-26,2021
925,V1003,Driver_81,Route B,203,2021-04-23,2021
926,V1050,Driver_29,Route C,388,2021-02-18,2021
927,V1004,Driver_2,Route A,90,2021-11-26,2021
928,V1057,Driver_54,Route A,414,2021-05-06,2021
929,V1000,Driver_82,Route E,473,2021-09-19,2021
930,V1016,Driver_32,Route A,205,2021-03-01,2021
931,V1005,Driver_50,Route D,504,2021-04-23,2021
932,V1050,Driver_18,Route E,56,2021-05-25,2021
933,V1057,Driver_87,Route C,517,2021-06-21,2021
934,V1048,Driver_73,Route E,511,2021-06-15,2021
935,V1054,Driver_73,Route B,139,2021-03-29,2021
936,V1037,Driver_95,Route E,483,2021-06-09,2021
937,V1010,Driver_51,Route A,286,2021-05-04,2021
938,V1026,Driver_86,Route B,58,2021-12-22,2021
939,V1009,Driver_59,Route C,412,2021-09-24,2021
940,V1011,Driver_10,Route C,523,2021-08-26,2021
941,V1056,Driver_4,Route E,179,2021-01-01,2021
942,V1058,Driver_57,Route A,143,2021-06-26,2021
943,V1053,Driver_21,Route B,56,2021-04-03,2021
944,V1012,Driver_56,Route B,151,2021-11-28,2021
945,V1050,Driver_78,Route B,119,2021-06-30,2021
946,V1058,Driver_68,Route A,584,2021-10-21,2021
947,V1058,Driver_63,Route A,424,2021-10-17,2021
948,V1006,Driver_56,Route A,164,2021-09-15,2021
949,V1027,Driver_28,Route E,430,2021-06-20,2021
950,V1035,Driver_71,Route A,370,2021-10-19,2021
951,V1047,Driver_60,Route D,221,2021-12-27,2021
952,V1044,Driver_13,Route D,579,2021-01-23,2021
953,V1045,Driver_7,Route C,292,2021-09-03,2021
954,V1034,Driver_98,Route E,271,2021-02-04,2021
955,V1035,Driver_49,Route E,208,2021-09-18,2021
956,V1058,Driver_75,Route D,226,2021-09-18,2021
957,V1017,Driver_43,Route C,104,2021-12-03,2021
958,V1006,Driver_66,Route B,222,2021-09-02,2021
959,V1010,Driver_1,Route A,231,2021-10-10,2021
960,V1013,Driver_79,Route C,599,2021-03-07,2021
961,V1040,Driver_30,Route B,209,2021-01-31,2021
962,V1016,Driver_12,Route C,335,2021-09-07,2021
963,V1017,Driver_84,Route B,184,2021-09-26,2021
964,V1047,Driver_15,Route A,481,2021-07-04,2021
965,V1036,Driver_78,Route B,60,2021-12-11,2021
966,V1008,Driver_95,Route A,180,2021-01-19,2021
967,V1040,Driver_27,Route A,333,2021-12-23,2021
968,V1009,Driver_29,Route B,183,2021-08-13,2021
969,V1031,Driver_46,Route B,155,2021-05-05,2021
970,V1023,Driver_92,Route B,92,2021-03-08,2021
971,V1032,Driver_12,Route D,393,2021-01-25,2021
972,V1026,Driver_33,Route D,251,2021-01-02,2021
973,V1043,Driver_8,Route C,286,2021-08-14,2021
974,V1029,Driver_59,Route C,457,2021-10-27,2021
975,V1006,Driver_79,Route E,279,2021-03-09,2021
976,V1049,Driver_10,Route A,215,2021-11-03,2021
977,V1005,Driver_54,Route A,530,2021-06-02,2021
978,V1024,Driver_78,Route A,212,2021-10-26,2021
979,V1047,Driver_68,Route B,172,2021-01-15,2021
980,V1016,Driver_32,Route E,332,2021-02-04,2021
981,V1039,Driver_50,Route D,216,2021-03-19,2021
982,V1036,Driver_11,Route B,171,2021-08-03,2021
983,V1031,Driver_2,Route E,107,2021-07-07,2021
984,V1025,Driver_72,Route C,477,2021-07-21,2021
985,V1029,Driver_97,Route A,442,2021-04-30,2021
986,V1044,Driver_51,Route B,136,2021-10-20,2021
987,V1032,Driver_51,Route C,420,2021-01-31,2021
988,V1019,Driver_75,Route C,310,2021-06-03,2021
989,V1041,Driver_5,Route D,491,2021-07-20,2021
990,V1012,Driver_88,Route C,243,2021-04-26,2021
991,V1036,Driver_54,Route C,58,2021-06-04,2021
992,V1041,Driver_78,Route D,221,2021-08-21,2021
993,V1012,Driver_17,Route B,444,2021-03-10,2021
994,V1027,Driver_16,Route A,352,2021-03-17,2021
995,V1016,Driver_28,Route D,190,2021-06-25,2021
996,V1041,Driver_72,Route C,322,2021-12-11,2021
997,V1009,Driver_13,Route E,575,2021-11-22,2021
998,V1056,Driver_6,Route E,554,2021-11-01,2021
999,V1043,Driver_80,Route A,467,2021-03-17,2021
1000,V1040,Driver_31,Route C,136,2021-12-03,2021
1001,V1038,Driver_74,Route D,319,2022-04-23,2022
1002,V1012,Driver_72,Route C,295,2022-03-10,2022
1003,V1046,Driver_37,Route D,241,2022-07-07,2022
1004,V1042,Driver_8,Route C,594,2022-05-01,2022
1005,V1014,Driver_32,Route C,257,2022-01-18,2022
1006,V1051,Driver_89,Route B,129,2022-02-10,2022
1007,V1045,Driver_47,Route E,561,2022-07-27,2022
1008,V1001,Driver_48,Route C,428,2022-08-28,2022
1009,V1049,Driver_94,Route D,325,2022-09-13,2022
1010,V1021,Driver_59,Route D,324,2022-11-22,2022
1011,V1021,Driver_26,Route C,295,2022-08-12,2022
1012,V1023,Driver_73,Route D,327,2022-07-21,2022
1013,V1024,Driver_94,Route E,564,2022-07-15,2022
1014,V1051,Driver_9,Route D,263,2022-05-24,2022
1015,V1008,Driver_11,Route B,401,2022-05-27,2022
1016,V1023,Driver_3,Route E,58,2022-10-21,2022
1017,V1021,Driver_80,Route C,570,2022-02-14,2022
1018,V1052,Driver_44,Route B,458,2022-11-02,2022
1019,V1009,Driver_42,Route C,440,2022-07-23,2022
1020,V1019,Driver_58,Route B,165,2022-05-03,2022
1021,V1000,Driver_59,Route C,189,2022-05-03,2022
1022,V1023,Driver_100,Route E,171,2022-05-17,2022
1023,V1011,Driver_50,Route A,342,2022-01-27,2022
1024,V1042,Driver_34,Route E,250,2022-05-07,2022
1025,V1050,Driver_21,Route D,169,2022-06-04,2022
1026,V1049,Driver_41,Route C,268,2022-01-29,2022
1027,V1028,Driver_73,Route D,275,2022-12-03,2022
1028,V1049,Driver_59,Route B,156,2022-12-15,2022
1029,V1057,Driver_3,Route A,596,2022-11-27,2022
1030,V1043,Driver_94,Route A,557,2022-09-29,2022
1031,V1052,Driver_46,Route B,195,2022-03-03,2022
1032,V1005,Driver_48,Route E,507,2022-02-17,2022
1033,V1058,Driver_72,Route C,375,2022-03-22,2022
1034,V1013,Driver_47,Route C,230,2022-08-10,2022
1035,V1056,Driver_65,Route D,315,2022-05-17,2022
1036,V1054,Driver_88,Route D,99,2022-02-27,2022
1037,V1031,Driver_25,Route B,75,2022-12-21,2022
1038,V1033,Driver_53,Route C,201,2022-04-24,2022
1039,V1057,Driver_57,Route D,513,2022-03-09,2022
1040,V1036,Driver_56,Route D,381,2022-07-28,2022
1041,V1012,Driver_25,Route D,53,2022-02-27,2022
1042,V1017,Driver_8,Route A,415,2022-03-20,2022
1043,V1052,Driver_57,Route E,114,2022-01-13,2022
1044,V1059,Driver_48,Route C,581,2022-12-04,2022
1045,V1002,Driver_5,Route A,205,2022-09-05,2022
1046,V1054,Driver_88,Route B,181,2022-02-03,2022
1047,V1019,Driver_24,Route C,524,2022-12-06,2022
1048,V1054,Driver_25,Route A,485,2022-01-14,2022
1049,V1038,Driver_39,Route B,176,2022-04-22,2022
1050,V1048,Driver_51,Route E,138,2022-09-11,2022
1051,V1010,Driver_5,Route B,174,2022-04-12,2022
1052,V1024,Driver_80,Route C,409,2022-12-30,2022
1053,V1009,Driver_67,Route D,230,2022-01-14,2022
1054,V1038,Driver_83,Route B,546,2022-05-07,2022
1055,V1022,Driver_17,Route C,410,2022-12-04,2022
1056,V1043,Driver_28,Route B,201,2022-03-28,2022
1057,V1009,Driver_82,Route D,282,2022-12-25,2022
1058,V1039,Driver_25,Route E,228,2022-01-01,2022
1059,V1018,Driver_47,Route D,277,2022-07-01,2022
1060,V1014,Driver_17,Route B,483,2022-08-07,2022
1061,V1005,Driver_65,Route C,85,2022-08-29,2022
1062,V1025,Driver_12,Route A,520,2022-01-24,2022
1063,V1032,Driver_24,Route D,559,2022-03-03,2022
1064,V1048,Driver_65,Route B,254,2022-07-15,2022
1065,V1002,Driver_13,Route A,553,2022-03-05,2022
1066,V1009,Driver_51,Route A,412,2022-11-27,2022
1067,V1054,Driver_71,Route B,237,2022-12-28,2022
1068,V1005,Driver_64,Route D,318,2022-10-01,2022
1069,V1055,Driver_34,Route D,539,2022-04-13,2022
1070,V1020,Driver_57,Route C,184,2022-03-16,2022
1071,V1013,Driver_28,Route B,195,2022-03-24,2022
1072,V1058,Driver_92,Route E,67,2022-11-21,2022
1073,V1006,Driver_97,Route E,349,2022-05-10,2022
1074,V1009,Driver_45,Route E,207,2022-12-07,2022
1075,V1043,Driver_81,Route B,232,2022-07-01,2022
1076,V1025,Driver_8,Route D,237,2022-11-13,2022
1077,V1021,Driver_28,Route C,100,2022-07-19,2022
1078,V1015,Driver_82,Route D,300,2022-02-04,2022
1079,V1054,Driver_83,Route A,594,2022-01-29,2022
1080,V1017,Driver_51,Route D,332,2022-02-23,2022
1081,V1052,Driver_31,Route A,547,2022-12-09,2022
1082,V1020,Driver_30,Route E,362,2022-03-04,2022
1083,V1041,Driver_72,Route C,202,2022-01-07,2022
1084,V1056,Driver_85,Route A,275,2022-07-17,2022
1085,V1011,Driver_52,Route A,570,2022-05-27,2022
1086,V1042,Driver_52,Route B,534,2022-12-03,2022
1087,V1023,Driver_50,Route A,371,2022-05-22,2022
1088,V1050,Driver_61,Route A,420,2022-06-13,2022
1089,V1016,Driver_73,Route A,228,2022-11-17,2022
1090,V1042,Driver_9,Route C,138,2022-08-08,2022
1091,V1046,Driver_35,Route A,129,2022-10-17,2022
1092,V1049,Driver_87,Route C,387,2022-08-08,2022
1093,V1017,Driver_3,Route E,143,2022-10-23,2022
1094,V1046,Driver_49,Route E,266,2022-10-30,2022
1095,V1020,Driver_58,Route E,558,2022-07-03,2022
1096,V1051,Driver_24,Route A,538,2022-01-01,2022
1097,V1051,Driver_18,Route A,309,2022-03-28,2022
1098,V1027,Driver_21,Route A,122,2022-11-15,2022
1099,V1055,Driver_84,Route D,148,2022-03-11,2022
1100,V1046,Driver_85,Route A,203,2022-06-07,2022
1101,V1004,Driver_26,Route E,299,2022-08-09,2022
1102,V1057,Driver_80,Route D,523,2022-09-30,2022
1103,V1036,Driver_83,Route D,465,2022-01-19,2022
1104,V1036,Driver_67,Route D,270,2022-02-07,2022
1105,V1010,Driver_55,Route D,545,2022-04-29,2022
1106,V1005,Driver_78,Route B,185,2022-08-13,2022
1107,V1041,Driver_50,Route A,521,2022-06-23,2022
1108,V1044,Driver_74,Route E,597,2022-11-15,2022
1109,V1030,Driver_84,Route E,480,2022-06-30,2022
1110,V1015,Driver_82,Route B,366,2022-04-14,2022
1111,V1007,Driver_78,Route A,441,2022-06-18,2022
1112,V1019,Driver_25,Route A,574,2022-12-11,2022
1113,V1046,Driver_75,Route C,236,2022-04-30,2022
1114,V1007,Driver_19,Route A,212,2022-03-03,2022
1115,V1037,Driver_9,Route C,74,2022-06-28,2022
1116,V1031,Driver_49,Route C,339,2022-10-16,2022
1117,V1040,Driver_59,Route C,541,2022-01-04,2022
1118,V1045,Driver_7,Route A,193,2022-08-04,2022
1119,V1035,Driver_60,Route D,363,2022-06-08,2022
1120,V1034,Driver_86,Route D,558,2022-07-25,2022
1121,V1019,Driver_74,Route D,510,2022-06-08,2022
1122,V1056,Driver_12,Route D,256,2022-07-17,2022
1123,V1056,Driver_45,Route D,84,2022-05-12,2022
1124,V1054,Driver_43,Route A,73,2022-07-28,2022
1125,V1015,Driver_46,Route C,275,2022-08-29,2022
1126,V1012,Driver_5,Route E,445,2022-05-20,2022
1127,V1036,Driver_55,Route E,240,2022-08-26,2022
1128,V1028,Driver_11,Route A,416,2022-03-12,2022
1129,V1036,Driver_90,Route D,278,2022-06-14,2022
1130,V1013,Driver_7,Route C,527,2022-01-05,2022
1131,V1011,Driver_48,Route C,162,2022-03-24,2022
1132,V1033,Driver_21,Route D,473,2022-12-12,2022
1133,V1013,Driver_55,Route C,290,2022-02-10,2022
1134,V1054,Driver_41,Route E,346,2022-09-26,2022
1135,V1039,Driver_72,Route E,393,2022-11-10,2022
1136,V1025,Driver_45,Route C,473,2022-12-03,2022
1137,V1027,Driver_32,Route C,388,2022-05-15,2022
1138,V1055,Driver_38,Route B,364,2022-12-30,2022
1139,V1016,Driver_10,Route C,174,2022-07-22,2022
1140,V1036,Driver_78,Route E,300,2022-11-08,2022
1141,V1015,Driver_91,Route C,332,2022-10-24,2022
1142,V1028,Driver_37,Route B,326,2022-07-29,2022
1143,V1016,Driver_3,Route E,225,2022-03-16,2022
1144,V1014,Driver_7,Route E,386,2022-09-14,2022
1145,V1026,Driver_17,Route E,538,2022-04-22,2022
1146,V1036,Driver_86,Route E,584,2022-10-26,2022
1147,V1054,Driver_35,Route A,305,2022-03-22,2022
1148,V1006,Driver_2,Route E,506,2022-03-08,2022
1149,V1003,Driver_89,Route B,167,2022-09-03,2022
1150,V1048,Driver_6,Route D,384,2022-06-04,2022
1151,V1057,Driver_67,Route C,247,2022-05-27,2022
1152,V1040,Driver_91,Route D,429,2022-06-22,2022
1153,V1030,Driver_75,Route B,178,2022-01-20,2022
1154,V1015,Driver_2,Route A,359,2022-05-23,2022
1155,V1036,Driver_56,Route C,440,2022-02-02,2022
1156,V1009,Driver_93,Route E,278,2022-10-18,2022
1157,V1003,Driver_4,Route B,414,2022-02-24,2022
1158,V1008,Driver_100,Route A,258,2022-08-25,2022
1159,V1021,Driver_51,Route C,591,2022-12-28,2022
1160,V1038,Driver_51,Route B,388,2022-10-26,2022
1161,V1021,Driver_81,Route D,52,2022-10-12,2022
1162,V1027,Driver_11,Route E,273,2022-02-05,2022
1163,V1016,Driver_91,Route C,355,2022-04-07,2022
1164,V1016,Driver_90,Route C,456,2022-07-18,2022
1165,V1014,Driver_11,Route A,278,2022-10-05,2022
1166,V1035,Driver_48,Route A,259,2022-06-01,2022
1167,V1056,Driver_24,Route B,467,2022-03-22,2022
1168,V1059,Driver_86,Route B,84,2022-05-08,2022
1169,V1012,Driver_40,Route D,349,2022-04-04,2022
1170,V1016,Driver_53,Route B,160,2022-01-10,2022
1171,V1019,Driver_30,Route D,475,2022-09-16,2022
1172,V1047,Driver_89,Route D,78,2022-01-17,2022
1173,V1035,Driver_84,Route C,194,2022-10-19,2022
1174,V1055,Driver_36,Route D,101,2022-03-20,2022
1175,V1056,Driver_84,Route A,548,2022-08-13,2022
1176,V1056,Driver_37,Route A,526,2022-05-15,2022
1177,V1012,Driver_5,Route C,262,2022-06-13,2022
1178,V1003,Driver_20,Route B,599,2022-07-07,2022
1179,V1003,Driver_21,Route B,337,2022-08-05,2022
1180,V1025,Driver_44,Route B,509,2022-06-22,2022
1181,V1046,Driver_97,Route B,253,2022-04-13,2022
1182,V1008,Driver_67,Route B,289,2022-01-05,2022
1183,V1008,Driver_3,Route B,388,2022-07-25,2022
1184,V1036,Driver_14,Route B,259,2022-01-06,2022
1185,V1014,Driver_3,Route B,252,2022-05-10,2022
1186,V1026,Driver_60,Route D,119,2022-12-21,2022
1187,V1007,Driver_86,Route D,517,2022-07-06,2022
1188,V1059,Driver_2,Route D,487,2022-03-14,2022
1189,V1049,Driver_62,Route E,405,2022-06-11,2022
1190,V1015,Driver_96,Route A,227,2022-05-23,2022
1191,V1041,Driver_48,Route B,107,2022-02-10,2022
1192,V1057,Driver_23,Route B,314,2022-09-07,2022
1193,V1010,Driver_31,Route A,271,2022-05-19,2022
1194,V1045,Driver_17,Route A,180,2022-10-04,2022
1195,V1018,Driver_59,Route A,66,2022-02-16,2022
1196,V1029,Driver_92,Route B,217,2022-12-05,2022
1197,V1051,Driver_17,Route C,103,2022-07-11,2022
1198,V1003,Driver_57,Route D,315,2022-12-05,2022
1199,V1056,Driver_70,Route D,154,2022-09-01,2022
1200,V1041,Driver_82,Route D,378,2022-05-14,2022
1201,V1026,Driver_14,Route E,237,2022-05-16,2022
1202,V1003,Driver_50,Route C,282,2022-10-02,2022
1203,V1055,Driver_57,Route B,530,2022-11-19,2022
1204,V1009,Driver_44,Route E,115,2022-04-03,2022
1205,V1009,Driver_41,Route E,91,2022-10-27,2022
1206,V1050,Driver_89,Route C,444,2022-07-21,2022
1207,V1048,Driver_69,Route C,310,2022-09-17,2022
1208,V1046,Driver_95,Route B,303,2022-09-06,2022
1209,V1015,Driver_81,Route B,512,2022-10-21,2022
1210,V1049,Driver_10,Route B,152,2022-03-08,2022
1211,V1005,Driver_12,Route A,172,2022-09-29,2022
1212,V1029,Driver_66,Route A,291,2022-12-23,2022
1213,V1022,Driver_89,Route E,475,2022-11-11,2022
1214,V1003,Driver_86,Route A,515,2022-01-26,2022
1215,V1055,Driver_63,Route C,86,2022-11-19,2022
1216,V1059,Driver_29,Route E,204,2022-06-30,2022
1217,V1006,Driver_76,Route E,307,2022-12-22,2022
1218,V1022,Driver_23,Route E,375,2022-02-26,2022
1219,V1031,Driver_14,Route B,229,2022-03-14,2022
1220,V1057,Driver_64,Route D,310,2022-05-08,2022
1221,V1014,Driver_72,Route D,236,2022-03-25,2022
1222,V1001,Driver_47,Route C,203,2022-03-15,2022
1223,V1007,Driver_49,Route B,435,2022-12-14,2022
1224,V1020,Driver_88,Route C,441,2022-04-09,2022
1225,V1058,Driver_25,Route A,250,2022-04-14,2022
1226,V1018,Driver_38,Route C,503,2022-01-10,2022
1227,V1019,Driver_65,Route E,561,2022-09-18,2022
1228,V1038,Driver_75,Route C,62,2022-05-19,2022
1229,V1029,Driver_3,Route B,60,2022-07-11,2022
1230,V1039,Driver_88,Route D,569,2022-12-17,2022
1231,V1022,Driver_10,Route E,370,2022-04-08,2022
1232,V1050,Driver_88,Route D,558,2022-05-12,2022
1233,V1039,Driver_90,Route B,456,2022-08-07,2022
1234,V1040,Driver_85,Route B,213,2022-11-03,2022
1235,V1047,Driver_41,Route D,288,2022-05-18,2022
1236,V1011,Driver_58,Route D,535,2022-06-13,2022
1237,V1050,Driver_22,Route B,417,2022-10-18,2022
1238,V1009,Driver_3,Route D,132,2022-07-24,2022
1239,V1022,Driver_70,Route A,195,2022-11-06,2022
1240,V1008,Driver_4,Route C,211,2022-03-19,2022
1241,V1037,Driver_37,Route A,123,2022-06-15,2022
1242,V1059,Driver_99,Route D,273,2022-01-22,2022
1243,V1009,Driver_76,Route C,373,2022-12-07,2022
1244,V1044,Driver_75,Route D,288,2022-08-12,2022
1245,V1015,Driver_60,Route B,468,2022-03-30,2022
1246,V1052,Driver_80,Route C,234,2022-01-22,2022
1247,V1027,Driver_49,Route A,393,2022-12-06,2022
1248,V1016,Driver_80,Route E,77,2022-11-27,2022
1249,V1042,Driver_71,Route C,149,2022-04-10,2022
1250,V1013,Driver_93,Route A,278,2022-12-02,2022
1251,V1034,Driver_98,Route A,94,2022-05-20,2022
1252,V1036,Driver_69,Route B,210,2022-02-02,2022
1253,V1052,Driver_83,Route A,231,2022-03-19,2022
1254,V1006,Driver_23,Route A,431,2022-06-01,2022
1255,V1032,Driver_85,Route A,431,2022-10-03,2022
1256,V1009,Driver_56,Route E,477,2022-10-02,2022
1257,V1031,Driver_52,Route C,58,2022-02-23,2022
1258,V1048,Driver_75,Route A,593,2022-06-17,2022
1259,V1016,Driver_72,Route E,109,2022-07-19,2022
1260,V1019,Driver_40,Route B,50,2022-01-22,2022
1261,V1050,Driver_50,Route B,564,2022-09-12,2022
1262,V1028,Driver_82,Route E,541,2022-05-06,2022
1263,V1053,Driver_41,Route E,385,2022-07-18,2022
1264,V1040,Driver_52,Route C,458,2022-06-09,2022
1265,V1049,Driver_96,Route A,495,2022-03-08,2022
1266,V1013,Driver_38,Route B,164,2022-11-09,2022
1267,V1009,Driver_92,Route D,198,2022-04-02,2022
1268,V1004,Driver_25,Route B,67,2022-06-06,2022
1269,V1044,Driver_9,Route A,341,2022-03-25,2022
1270,V1039,Driver_33,Route E,272,2022-02-27,2022
1271,V1018,Driver_94,Route D,573,2022-10-18,2022
1272,V1049,Driver_90,Route A,142,2022-08-30,2022
1273,V1055,Driver_79,Route D,207,2022-07-28,2022
1274,V1037,Driver_79,Route E,334,2022-10-22,2022
1275,V1044,Driver_68,Route A,214,2022-09-21,2022
1276,V1044,Driver_26,Route A,70,2022-01-30,2022
1277,V1014,Driver_56,Route D,469,2022-01-11,2022
1278,V1047,Driver_89,Route B,52,2022-02-01,2022
1279,V1000,Driver_45,Route B,215,2022-10-04,2022
1280,V1021,Driver_25,Route E,455,2022-04-07,2022
1281,V1055,Driver_13,Route A,379,2022-11-20,2022
1282,V1002,Driver_42,Route B,326,2022-05-06,2022
1283,V1056,Driver_68,Route B,51,2022-07-01,2022
1284,V1035,Driver_89,Route B,477,2022-11-12,2022
1285,V1010,Driver_85,Route E,113,2022-01-31,2022
1286,V1028,Driver_51,Route E,492,2022-03-25,2022
1287,V1052,Driver_59,Route D,299,2022-04-27,2022
1288,V1011,Driver_72,Route B,563,2022-11-09,2022
1289,V1057,Driver_50,Route B,269,2022-09-05,2022
1290,V1026,Driver_96,Route A,567,2022-06-22,2022
1291,V1040,Driver_15,Route E,462,2022-04-01,2022
1292,V1025,Driver_59,Route A,303,2022-08-11,2022
1293,V1035,Driver_40,Route A,50,2022-02-08,2022
1294,V1012,Driver_20,Route E,210,2022-04-13,2022
1295,V1057,Driver_29,Route E,206,2022-02-20,2022
1296,V1043,Driver_70,Route E,279,2022-06-28,2022
1297,V1057,Driver_24,Route D,114,2022-09-28,2022
1298,V1030,Driver_42,Route A,465,2022-09-04,2022
1299,V1031,Driver_50,Route A,94,2022-08-05,2022
1300,V1048,Driver_81,Route C,221,2022-01-04,2022
1301,V1040,Driver_69,Route E,152,2022-12-01,2022
1302,V1052,Driver_35,Route B,126,2022-11-15,2022
1303,V1008,Driver_60,Route E,505,2022-07-29,2022
1304,V1007,Driver_59,Route E,163,2022-06-30,2022
1305,V1037,Driver_54,Route E,596,2022-11-26,2022
1306,V1015,Driver_70,Route C,408,2022-12-05,2022
1307,V1031,Driver_23,Route A,204,2022-12-26,2022
1308,V1025,Driver_49,Route C,458,2022-10-01,2022
1309,V1024,Driver_98,Route B,412,2022-10-22,2022
1310,V1053,Driver_13,Route B,381,2022-08-18,2022
1311,V1013,Driver_40,Route E,569,2022-10-31,2022
1312,V1036,Driver_21,Route C,383,2022-04-25,2022
1313,V1038,Driver_35,Route D,59,2022-08-16,2022
1314,V1047,Driver_39,Route B,73,2022-08-16,2022
1315,V1017,Driver_81,Route D,196,2022-11-13,2022
1316,V1026,Driver_55,Route E,361,2022-02-02,2022
1317,V1048,Driver_57,Route E,455,2022-09-06,2022
1318,V1001,Driver_72,Route A,518,2022-06-07,2022
1319,V1043,Driver_88,Route D,311,2022-10-14,2022
1320,V1022,Driver_88,Route E,341,2022-07-27,2022
1321,V1017,Driver_10,Route E,248,2022-11-08,2022
1322,V1051,Driver_65,Route C,165,2022-07-30,2022
1323,V1029,Driver_32,Route C,519,2022-09-23,2022
1324,V1040,Driver_44,Route B,458,2022-10-25,2022
1325,V1034,Driver_69,Route A,439,2022-05-30,2022
1326,V1049,Driver_75,Route E,78,2022-05-16,2022
1327,V1018,Driver_41,Route A,220,2022-12-06,2022
1328,V1040,Driver_66,Route D,60,2022-06-17,2022
1329,V1010,Driver_16,Route A,217,2022-07-24,2022
1330,V1008,Driver_59,Route A,456,2022-07-24,2022
1331,V1018,Driver_71,Route E,112,2022-01-10,2022
1332,V1053,Driver_70,Route B,327,2022-10-01,2022
1333,V1053,Driver_33,Route C,582,2022-02-23,2022
1334,V1049,Driver_29,Route A,244,2022-12-07,2022
1335,V1051,Driver_6,Route C,544,2022-06-06,2022
1336,V1042,Driver_70,Route E,292,2022-11-13,2022
1337,V1038,Driver_95,Route D,318,2022-02-24,2022
1338,V1035,Driver_45,Route D,292,2022-01-08,2022
1339,V1009,Driver_58,Route C,63,2022-01-25,2022
1340,V1000,Driver_28,Route A,403,2022-07-19,2022
1341,V1048,Driver_87,Route D,154,2022-10-31,2022
1342,V1056,Driver_100,Route E,414,2022-11-27,2022
1343,V1013,Driver_3,Route C,446,2022-05-30,2022
1344,V1006,Driver_72,Route C,246,2022-08-13,2022
1345,V1034,Driver_86,Route C,492,2022-08-18,2022
1346,V1036,Driver_7,Route E,541,2022-01-10,2022
1347,V1041,Driver_16,Route E,533,2022-03-24,2022
1348,V1026,Driver_83,Route A,81,2022-02-27,2022
1349,V1040,Driver_97,Route B,487,2022-07-10,2022
1350,V1056,Driver_89,Route A,98,2022-04-29,2022
1351,V1017,Driver_38,Route C,308,2022-03-09,2022
1352,V1038,Driver_77,Route A,452,2022-09-05,2022
1353,V1017,Driver_86,Route C,482,2022-10-14,2022
1354,V1057,Driver_52,Route C,218,2022-06-04,2022
1355,V1002,Driver_49,Route B,179,2022-03-01,2022
1356,V1020,Driver_45,Route E,496,2022-09-02,2022
1357,V1008,Driver_41,Route D,232,2022-04-05,2022
1358,V1054,Driver_24,Route A,58,2022-06-19,2022
1359,V1015,Driver_28,Route C,500,2022-01-16,2022
1360,V1016,Driver_64,Route C,541,2022-07-19,2022
1361,V1019,Driver_70,Route C,383,2022-07-10,2022
1362,V1038,Driver_29,Route E,497,2022-06-17,2022
1363,V1010,Driver_13,Route B,597,2022-04-26,2022
1364,V1020,Driver_1,Route D,133,2022-03-12,2022
1365,V1018,Driver_43,Route C,273,2022-02-22,2022
1366,V1010,Driver_90,Route E,107,2022-01-02,2022
1367,V1047,Driver_32,Route D,180,2022-12-04,2022
1368,V1011,Driver_12,Route A,533,2022-05-02,2022
1369,V1059,Driver_100,Route B,524,2022-09-11,2022
1370,V1010,Driver_55,Route C,598,2022-11-25,2022
1371,V1034,Driver_94,Route B,404,2022-10-12,2022
1372,V1020,Driver_92,Route C,382,2022-03-29,2022
1373,V1011,Driver_75,Route C,224,2022-12-15,2022
1374,V1053,Driver_45,Route B,370,2022-02-21,2022
1375,V1025,Driver_15,Route E,385,2022-09-08,2022
1376,V1023,Driver_79,Route A,509,2022-02-04,2022
1377,V1003,Driver_44,Route A,591,2022-11-23,2022
1378,V1003,Driver_47,Route C,144,2022-05-13,2022
1379,V1028,Driver_59,Route C,325,2022-08-30,2022
1380,V1014,Driver_98,Route C,269,2022-07-02,2022
1381,V1049,Driver_19,Route C,498,2022-09-28,2022
1382,V1046,Driver_96,Route C,164,2022-08-25,2022
1383,V1007,Driver_46,Route E,357,2022-12-26,2022
1384,V1051,Driver_74,Route D,254,2022-05-14,2022
1385,V1018,Driver_78,Route B,87,2022-06-20,2022
1386,V1014,Driver_63,Route E,597,2022-01-16,2022
1387,V1014,Driver_25,Route A,592,2022-04-22,2022
1388,V1026,Driver_11,Route A,255,2022-05-03,2022
1389,V1052,Driver_83,Route E,236,2022-08-07,2022
1390,V1059,Driver_5,Route E,535,2022-09-17,2022
1391,V1034,Driver_23,Route E,119,2022-06-30,2022
1392,V1050,Driver_23,Route D,536,2022-04-11,2022
1393,V1000,Driver_37,Route E,495,2022-04-05,2022
1394,V1020,Driver_88,Route A,370,2022-04-03,2022
1395,V1007,Driver_57,Route C,468,2022-06-17,2022
1396,V1053,Driver_85,Route B,385,2022-04-26,2022
1397,V1030,Driver_66,Route A,153,2022-09-20,2022
1398,V1036,Driver_14,Route C,485,2022-12-18,2022
1399,V1030,Driver_25,Route C,335,2022-07-15,2022
1400,V1031,Driver_12,Route D,503,2022-07-13,2022
1401,V1059,Driver_21,Route E,457,2022-10-29,2022
1402,V1059,Driver_9,Route C,279,2022-04-18,2022
1403,V1052,Driver_51,Route B,313,2022-07-12,2022
1404,V1040,Driver_56,Route C,399,2022-01-27,2022
1405,V1039,Driver_76,Route E,79,2022-12-20,2022
1406,V1002,Driver_15,Route A,595,2022-11-01,2022
1407,V1035,Driver_44,Route D,283,2022-10-23,2022
1408,V1001,Driver_69,Route B,398,2022-03-25,2022
1409,V1006,Driver_91,Route A,469,2022-12-06,2022
1410,V1033,Driver_38,Route C,224,2022-11-30,2022
1411,V1018,Driver_50,Route C,576,2022-09-22,2022
1412,V1019,Driver_80,Route E,518,2022-10-26,2022
1413,V1023,Driver_57,Route B,429,2022-09-09,2022
1414,V1021,Driver_82,Route E,406,2022-09-24,2022
1415,V1008,Driver_67,Route A,102,2022-04-02,2022
1416,V1009,Driver_10,Route D,523,2022-10-03,2022
1417,V1038,Driver_85,Route A,190,2022-06-03,2022
1418,V1033,Driver_70,Route B,512,2022-02-11,2022
1419,V1029,Driver_2,Route C,591,2022-06-03,2022
1420,V1058,Driver_34,Route C,151,2022-05-17,2022
1421,V1050,Driver_27,Route D,558,2022-03-23,2022
1422,V1033,Driver_51,Route E,157,2022-02-12,2022
1423,V1011,Driver_93,Route B,80,2022-04-18,2022
1424,V1033,Driver_65,Route C,494,2022-10-02,2022
1425,V1007,Driver_100,Route A,301,2022-11-09,2022
1426,V1031,Driver_69,Route A,331,2022-06-22,2022
1427,V1036,Driver_2,Route A,220,2022-02-23,2022
1428,V1028,Driver_60,Route E,98,2022-07-09,2022
1429,V1020,Driver_19,Route E,485,2022-08-05,2022
1430,V1037,Driver_27,Route B,432,2022-02-15,2022
1431,V1040,Driver_85,Route C,566,2022-10-03,2022
1432,V1048,Driver_3,Route D,62,2022-12-09,2022
1433,V1020,Driver_25,Route B,454,2022-01-11,2022
1434,V1047,Driver_96,Route A,174,2022-10-22,2022
1435,V1015,Driver_75,Route A,60,2022-05-08,2022
1436,V1054,Driver_69,Route B,535,2022-06-07,2022
1437,V1008,Driver_83,Route C,407,2022-03-04,2022
1438,V1015,Driver_93,Route D,93,2022-10-21,2022
1439,V1003,Driver_89,Route E,385,2022-10-01,2022
1440,V1051,Driver_13,Route E,175,2022-01-22,2022
1441,V1018,Driver_42,Route A,188,2022-06-03,2022
1442,V1013,Driver_92,Route D,261,2022-07-25,2022
1443,V1004,Driver_44,Route E,558,2022-04-16,2022
1444,V1024,Driver_97,Route D,193,2022-08-14,2022
1445,V1005,Driver_28,Route C,571,2022-11-03,2022
1446,V1025,Driver_73,Route B,264,2022-06-30,2022
1447,V1015,Driver_80,Route A,57,2022-11-17,2022
1448,V1021,Driver_70,Route C,490,2022-02-16,2022
1449,V1023,Driver_82,Route C,511,2022-12-07,2022
1450,V1015,Driver_12,Route C,445,2022-07-12,2022
1451,V1015,Driver_75,Route D,240,2022-07-02,2022
1452,V1022,Driver_15,Route A,438,2022-05-29,2022
1453,V1015,Driver_51,Route E,93,2022-12-04,2022
1454,V1008,Driver_66,Route B,532,2022-09-06,2022
1455,V1011,Driver_59,Route A,212,2022-10-06,2022
1456,V1038,Driver_54,Route D,469,2022-01-03,2022
1457,V1021,Driver_32,Route C,231,2022-09-24,2022
1458,V1005,Driver_49,Route C,312,2022-02-05,2022
1459,V1052,Driver_91,Route D,128,2022-01-18,2022
1460,V1057,Driver_14,Route E,522,2022-06-15,2022
1461,V1040,Driver_27,Route C,598,2022-11-22,2022
1462,V1058,Driver_39,Route D,321,2022-01-22,2022
1463,V1023,Driver_16,Route A,243,2022-12-09,2022
1464,V1035,Driver_70,Route A,188,2022-09-09,2022
1465,V1013,Driver_2,Route C,196,2022-09-07,2022
1466,V1026,Driver_27,Route D,187,2022-09-18,2022
1467,V1055,Driver_14,Route C,315,2022-12-13,2022
1468,V1017,Driver_59,Route A,591,2022-10-24,2022
1469,V1014,Driver_76,Route C,266,2022-01-12,2022
1470,V1036,Driver_53,Route E,95,2022-08-03,2022
1471,V1031,Driver_52,Route C,53,2022-10-19,2022
1472,V1011,Driver_23,Route E,599,2022-05-23,2022
1473,V1039,Driver_66,Route D,326,2022-06-13,2022
1474,V1048,Driver_45,Route A,292,2022-06-18,2022
1475,V1034,Driver_96,Route D,189,2022-09-09,2022
1476,V1007,Driver_59,Route C,251,2022-01-11,2022
1477,V1041,Driver_55,Route E,172,2022-02-24,2022
1478,V1048,Driver_50,Route C,85,2022-04-14,2022
1479,V1019,Driver_27,Route E,565,2022-09-25,2022
1480,V1057,Driver_9,Route E,555,2022-04-16,2022
1481,V1035,Driver_61,Route D,417,2022-09-20,2022
1482,V1014,Driver_94,Route B,269,2022-07-27,2022
1483,V1018,Driver_98,Route D,510,2022-01-08,2022
1484,V1053,Driver_33,Route A,288,2022-01-05,2022
1485,V1038,Driver_2,Route E,165,2022-06-28,2022
1486,V1012,Driver_66,Route D,73,2022-04-06,2022
1487,V1034,Driver_17,Route D,186,2022-06-28,2022
1488,V1016,Driver_22,Route A,318,2022-02-04,2022
1489,V1041,Driver_22,Route B,137,2022-11-09,2022
1490,V1002,Driver_93,Route C,511,2022-08-25,2022
1491,V1008,Driver_1,Route C,336,2022-02-03,2022
1492,V1001,Driver_8,Route D,328,2022-02-21,2022
1493,V1036,Driver_28,Route B,327,2022-07-10,2022
1494,V1049,Driver_31,Route E,127,2022-01-31,2022
1495,V1039,Driver_62,Route E,366,2022-02-20,2022
1496,V1040,Driver_19,Route B,333,2022-10-06,2022
1497,V1029,Driver_4,Route E,536,2022-03-19,2022
1498,V1047,Driver_50,Route C,466,2022-04-15,2022
1499,V1011,Driver_23,Route C,130,2022-09-11,2022
1500,V1053,Driver_39,Route B,239,2022-05-29,2022
